timestamp,left_ear,right_ear,average_ear,mar,pitch,yaw,roll,label
1787504713.513686,0.45371938491839026,0.5167472114971615,0.4852332982077759,0.4511982220920917,12.229528604817244,13.410804330859342,3.1224154821362506,awake
1787504713.6303544,0.4367294022995647,0.5104568078143301,0.4735931050569474,0.4505715997789688,12.441394196702252,14.540535875076205,3.4222699598723616,awake
1787504713.75421,0.4439061506350503,0.5101496907707627,0.47702792070290645,0.449384283299111,11.116332191734612,14.844464616213667,3.67571152671188,awake
1787504713.8648863,0.46227388596470215,0.525190445605427,0.4937321657850646,0.449465474806296,11.63051349341404,13.212623622233128,3.7903790612928647,awake
1787504713.976262,0.4570080153665871,0.5232879586393918,0.49014798700298945,0.44882562315918967,12.259750933712924,13.868535616997418,3.8520107724641295,awake
1787504714.0918849,0.45393829394287283,0.5133203704465497,0.48362933219471127,0.4495029357722906,12.63595230670607,11.903778116218811,3.4661140105737402,awake
1787504714.2344713,0.45539162486698903,0.5180574581022112,0.4867245414846001,0.45024215784269855,12.372928461121337,12.725763676219808,3.573492772802466,awake
1787504714.3516138,0.455522084612683,0.5202182471039513,0.4878701658583171,0.4503305799693932,12.958312895083282,12.580583736980527,3.9974727070156715,awake
1787504714.473216,0.45479763017730823,0.52351995370783,0.4891587919425691,0.45018916761527433,13.104711222469453,12.97010875445937,3.980600075396631,awake
1787504714.5854108,0.4619392352152244,0.5277135128313304,0.4948263740232774,0.4505248105278455,13.227400893347543,12.901162973007088,3.9274167410999863,awake
1787504714.714278,0.45291439686470214,0.5252783625955428,0.4890963797301225,0.449568703345826,12.822871900793704,14.097113258364207,3.44185621428822,awake
1787504714.826446,0.4547426068963448,0.521090050433471,0.4879163286649079,0.45193385091488675,13.408685933041632,13.986348970967216,3.876798543526964,awake
1787504714.9521742,0.4514406535424955,0.5199985038912999,0.4857195787168977,0.4515479675323936,12.511205776420578,13.969655751769325,3.714554293582695,awake
1787504715.0662074,0.4620595671568879,0.5238365065133952,0.49294803683514155,0.4505892977801742,12.925412319158118,12.851333095413358,3.6220291986971636,awake
1787504715.170203,0.4869085351529316,0.5443857337130469,0.5156471344329893,0.44976937843403575,12.304724006883776,13.853382837267414,3.8883533700459507,awake
1787504715.2760713,0.4986024077323754,0.5571337244784966,0.527868066105436,0.45107999934621495,11.521989632820336,11.803433732368127,3.293987937333372,awake
1787504715.4487805,0.5142589904547016,0.5771121720546336,0.5456855812546676,0.4499989458474964,12.597670425774442,14.052700871606598,3.039797134527401,awake
1787504715.5694911,0.5107657598905722,0.5731656536623736,0.5419657067764729,0.4509969007195071,13.480753572337827,13.261973550807733,3.0332495309656013,awake
1787504715.671935,0.516133800014147,0.5756630883258219,0.5458984441699845,0.4504645608050727,13.397653392705791,13.317468756627044,3.032866977076146,awake
1787504715.7850368,0.5198003189055257,0.5763436120012211,0.5480719654533734,0.45253910421320387,12.059115154218432,14.526914232017843,3.1921363591163656,awake
1787504715.906222,0.5189410025257116,0.5671133683647938,0.5430271854452526,0.45150687479116375,12.150862742133334,11.609620079860218,3.690135940530972,awake
1787504716.0241716,0.43071739537954673,0.5117973532658869,0.47125737432271686,0.4532832534493858,12.178545220509843,13.961672174713318,3.1872605404408754,awake
1787504716.1520255,0.5052727583116127,0.55768632101811,0.5314795396648613,0.4526164575810968,13.53287509333113,10.870132907492993,2.79751154571118,awake
1787504716.2653995,0.5081950938914721,0.5368446127745777,0.5225198533330249,0.45272732914165137,12.676502650099819,4.6474904763346485,0.9849017211662752,awake
1787504716.3928013,0.5081423602519455,0.5340516104371846,0.5210969853445651,0.45316540369834774,13.198812714876995,0.1421268087755295,1.4381057868384741,awake
1787504716.504842,0.49524006596546977,0.5075495727063706,0.5013948193359201,0.45167119712075304,12.370050774933938,-5.129323080074901,0.5291541482461127,awake
1787504716.6337292,0.4867208784896855,0.4858755372990149,0.4862982078943502,0.45086858740653596,13.027406819219117,-8.658785569447263,0.42751087705642266,awake
1787504716.7448862,0.5181236901321131,0.5090762527788093,0.5135999714554612,0.4560010657208523,14.303365503313493,-5.719397578909995,0.5211919639002182,awake
1787504716.8706462,0.5072640502495763,0.5299004692727118,0.518582259761144,0.4540457617386403,15.364435748946269,-2.447319820831849,0.7097747290989105,awake
1787504716.9853911,0.5102682389268048,0.5334338694231068,0.5218510541749558,0.4576981871059475,16.210663162141746,-0.16171240455649083,0.8497516595405752,awake
1787504717.11269,0.49424561605340894,0.5078809233107194,0.5010632696820642,0.45470073293828456,15.223384813761195,-2.369989050783573,0.5044534656131936,awake
1787504717.2244725,0.49492605652982585,0.5188378555540926,0.5068819560419592,0.45460817932280556,15.587669094601637,-2.3471189690483247,0.40414446353368066,awake
1787504717.3520248,0.49950165821840414,0.5174350521732992,0.5084683551958517,0.4577559126777705,15.570259319170203,-2.895563063352031,0.43225528585022316,awake
1787504717.4651213,0.5075307377027308,0.5267284435553858,0.5171295906290583,0.4543455273420922,15.458137217902062,-3.910104925803381,0.004263097261203425,awake
1787504717.5926998,0.49918533354015626,0.5177840054113971,0.5084846694757768,0.45280494777033986,14.41800675248546,0.9060651397082767,0.40982573251473675,awake
1787504717.7054167,0.4897903544107705,0.5176710154731844,0.5037306849419775,0.45277610677748326,14.095267941846563,0.5003598437767257,0.2241466949467669,awake
1787504717.852218,0.4946563028761651,0.5229292634378427,0.5087927831570039,0.4501993429425715,14.710650529402244,0.8190516096824263,0.6591240606953166,awake
1787504717.9708486,0.4934326932919027,0.5152522984595409,0.5043424958757218,0.4538747269574446,16.14609659999344,1.2625509812549562,0.21126688092433774,awake
1787504718.0709245,0.49963866042334454,0.5230726591994267,0.5113556598113856,0.45469845209894877,15.277602218490907,-0.18990903392689396,0.015276486009467244,awake
1787504718.1841214,0.4989864374400148,0.5246727995369471,0.511829618488481,0.454985976652846,15.559174823456436,-1.726135903845758,0.17908510648405274,awake
1787504718.2975519,0.4973165895856804,0.5185979195494109,0.5079572545675457,0.45212392932229506,14.110795037858109,-1.0618389590223833,0.23958268094047538,awake
1787504718.4405825,0.4019198605514072,0.4160737297402538,0.40899679514583054,0.45102673804548427,13.79482369879561,3.0741259972012362,-0.11864352687957633,awake
1787504718.5669625,0.4187465893577679,0.4794089678702705,0.4490777786140192,0.4528244481960773,13.580641002340531,2.8528160937756977,0.10280126666577113,awake
1787504718.6777048,0.4751482222921024,0.5168159778575868,0.4959821000748446,0.4528596977745416,13.804758075824946,1.9905194797023855,0.2525143559810028,awake
1787504718.7937422,0.49282403667022434,0.5129931353900808,0.5029085860301525,0.45141425634217536,14.620075853790969,-1.8889976928425132,-0.15125237281035173,awake
1787504718.905592,0.49500310258728564,0.5203434481997157,0.5076732753935007,0.4528197449566299,15.485499080442409,2.18972559555325,-0.17665951550313766,awake
1787504719.0504324,0.5088231321692264,0.5256870551416907,0.5172550936554585,0.4532054600681055,14.798885288922797,2.156493661827395,-0.22644349232724625,awake
1787504719.154591,0.5114702181262918,0.5211768228355903,0.5163235204809411,0.4509755564300518,14.492037667922157,-2.079929171161378,-0.5573023146987102,awake
1787504719.2719622,0.5098613652225081,0.5283054283753039,0.519083396798906,0.4504960488422691,14.988905255284049,0.06019894219009709,-0.21893010667120194,awake
1787504719.3955035,0.5084517162524879,0.5296855227892147,0.5190686195208513,0.4519468480482133,15.024745985546017,0.37168048208759263,-0.6499804997721037,awake
1787504719.5118062,0.5081952641441666,0.5213853148821679,0.5147902895131673,0.45154403980442215,13.454659381589504,0.882111208356033,-0.21676894891251483,awake
1787504719.6463864,0.5074667255395896,0.5251710308970368,0.5163188782183132,0.45146249139590194,14.036087046469895,2.077326312856944,0.0890481249472299,awake
1787504719.7534177,0.49923120858831843,0.5120920094141227,0.5056616090012206,0.4537003284046623,13.718765172025623,1.2411540522036972,0.3891756049265752,awake
1787504719.9017448,0.4611474555125517,0.48383947772037433,0.472493466616463,0.4537862198410352,14.118876172617334,-0.1284059898266086,0.3681489091733198,awake
1787504720.0127156,0.46432404099589425,0.48814878909134146,0.47623641504361786,0.45501331139209394,14.553721118243056,1.6878438925837593,0.5599152670884309,awake
1787504720.1281934,0.45585324565466023,0.48290376861916795,0.4693785071369141,0.454208784280058,14.965804371842333,2.995799013254467,0.39762545172757685,awake
1787504720.2466764,0.4524799655494544,0.48053396736573806,0.46650696645759626,0.4527165678782148,15.368490407211562,2.69635957018826,-0.16426291657005304,awake
1787504720.365927,0.461643367416323,0.49091780941019464,0.4762805884132588,0.4565324643131195,14.006491054071118,2.1589121349064007,0.49870366927834375,awake
1787504720.4726648,0.479156769179927,0.5036262420985805,0.49139150563925377,0.4529130194756303,13.053725298225311,1.6241866548021529,0.23132714686233402,awake
1787504720.6006014,0.5171212782815926,0.5307989673832173,0.5239601228324049,0.4513475040887677,14.199514705794149,0.23149367912077523,0.3913192496106441,awake
1787504720.7124047,0.5129869813419544,0.5217942718113593,0.5173906265766568,0.452614441887702,14.897203121881459,1.5961850106588116,0.8274171043845407,awake
1787504720.8406367,0.510263952772054,0.5103836698001741,0.5103238112861141,0.4511767309950917,13.696004893021389,4.072107667672424,2.50812608636826,awake
1787504720.953088,0.5003361915181381,0.5110170453900638,0.505676618454101,0.45143042604641437,15.525000713632018,2.6925026110009083,2.977553360002659,awake
1787504721.063851,0.5052056242213923,0.5110856244896996,0.508145624355546,0.45311556253643576,14.87837895685151,0.20628730564158032,1.6726081992978603,awake
1787504721.1925461,0.47843366744695376,0.4814276644581344,0.4799306659525441,0.45410871538718917,14.98216838748595,-6.012430292404644,-0.7178484122556766,awake
1787504721.3059342,0.48488328675650694,0.4523311700871934,0.4686072284218502,0.47670386750691485,14.268335205230748,-15.363150613872811,-2.227244064945726,awake
1787504721.4316914,0.4943792966876106,0.47231370750327584,0.4833465020954432,0.4606899221391615,13.077249675461859,-14.75673347611111,-0.9039425029721632,awake
1787504721.5462487,0.5172825138721452,0.48160801187406754,0.49944526287310637,0.45209579756155605,9.75294836205411,-14.792263886917876,-0.23340142695661478,awake
1787504721.6728864,0.5025716023744711,0.48448916342533155,0.4935303828999013,0.4505549209284044,10.433386067427552,-12.875233884295627,0.5676269481311499,awake
1787504721.8109858,0.5108060648286323,0.48618489793940517,0.4984954813840188,0.4514631605502647,11.091156857165217,-12.55545150456579,0.5738603636127994,awake
1787504721.9133277,0.4923693405458137,0.4987521325053052,0.49556073652555943,0.45417581250099776,12.515305600606624,-7.16372427326977,0.2990864675156136,awake
1787504722.0377805,0.4827898555516999,0.5087230191071493,0.49575643732942465,0.4526165271893081,12.857914526955286,0.2231124659422038,0.7220716260587492,awake
1787504722.1514683,0.506638841675768,0.5271529952442753,0.5168959184600217,0.45432086644622943,14.061175665576954,3.7111197883349463,2.081284490838939,awake
1787504722.2831297,0.4894543232035952,0.5227091359647869,0.5060817295841911,0.4546931017683841,14.0910143688283,5.57157604204801,2.9830968542624796,awake
1787504722.3921757,0.49702067516378495,0.5371708442823069,0.5170957597230459,0.45444906719432626,13.601782911195333,8.855506267173833,3.341001197290904,awake
1787504722.5043113,0.49252018663880603,0.5210922259724693,0.5068062063056377,0.4545023205214096,14.242765845992476,6.623103348166605,3.24253736579312,awake
1787504722.647903,0.5063396317184952,0.5376479312145114,0.5219937814665032,0.4533169354392454,15.064937075987173,6.927809054892992,2.9483599652401637,awake
1787504722.7676663,0.5070280240456769,0.5369432019894795,0.5219856130175782,0.4544018859678021,14.225409507965388,9.398809026512364,2.5109482000070757,awake
1787504722.879093,0.4869308911459077,0.5295945392061007,0.5082627151760042,0.45313641038143043,13.637241817681737,7.299221207962196,2.3411762734919797,awake
1787504723.005213,0.4959086973522702,0.5322627545714788,0.5140857259618745,0.4532398275768226,13.945589020837284,7.8437873413545836,2.3799395536752783,awake
1787504723.1836424,0.48948117855475276,0.5286889501540303,0.5090850643543915,0.4533343066301833,14.446923573123104,9.599286395651399,2.926454926693487,awake
1787504723.2893546,0.48255561180850853,0.5239039515454001,0.5032297816769543,0.45194168098186827,13.581570846063943,11.702451267169888,2.84247756046942,awake
1787504723.4003513,0.4818111573873057,0.5263628326567554,0.5040869950220306,0.4543215924233553,14.819380972878445,11.39593302553476,3.1414867663598076,awake
1787504723.5146446,0.4839235822434869,0.5245536403918182,0.5042386113176526,0.452631481296501,14.766907905042657,11.325155829825484,2.789537948725653,awake
1787504723.6409395,0.4852764969032156,0.5322567586266004,0.508766627764908,0.4529285469178514,13.807385834173546,11.527268220269974,2.6467653627195484,awake
1787504723.7692747,0.4836565196235995,0.5331396348470261,0.5083980772353128,0.45387207999747115,14.116035271896804,12.136821062819136,2.34499005855727,awake
1787504723.8807228,0.48236629804945197,0.5435700209530389,0.5129681595012454,0.45413628411069074,13.739225307484313,13.539562041832516,2.691215347779927,awake
1787504724.0179005,0.4857114966196761,0.5466155020201644,0.5161634993199202,0.45207739780165246,14.254384290692153,11.669642331477261,2.6422045429196674,awake
1787504724.119436,0.4887052081131163,0.5498156551978104,0.5192604316554633,0.45349246840038177,14.014786021858649,11.7205441536608,2.891612345563925,awake
1787504724.2480123,0.49094124831946145,0.5539118789067001,0.5224265636130808,0.4537547020357235,13.882970927298862,11.358167969186837,2.580230169181661,awake
1787504724.3609262,0.49812376860164365,0.5579891000234477,0.5280564343125457,0.4528552072661599,13.947867951610773,9.623014608398433,2.416037526494713,awake
1787504724.4889362,0.48914491383728015,0.5475225786431426,0.5183337462402113,0.45228631280587983,13.022421959170616,11.853628868113855,2.2713757711196068,awake
1787504724.6007798,0.48822383184421325,0.5453468109233501,0.5167853213837816,0.45023037544601324,13.461556399790567,10.778892044576816,2.210523402281472,awake
1787504724.7062628,0.4966729528945339,0.5528258246925721,0.524749388793553,0.45252492197768124,14.586238657128789,10.54138306721878,2.200861625231593,awake
1787504724.8537207,0.5033490854086194,0.5566047223812096,0.5299769038949145,0.4529629658684088,14.620982671898512,10.093161355963911,2.1168102579113817,awake
1787504724.969,0.5006958458429677,0.5546139602082528,0.5276549030256102,0.45394792084249314,13.693943895016728,10.338269511127057,2.323146512658506,awake
1787504725.0818737,0.4975262507265242,0.5512790105670018,0.524402630646763,0.45415420568722953,14.416651837867471,9.57167116400078,2.2643675708985627,awake
1787504725.2082908,0.5053210045795299,0.5603421936471235,0.5328315991133267,0.4540045206091224,14.994574405316493,8.643997932401161,2.457379932818018,awake
1787504725.3220358,0.5088956787092965,0.5673465038818448,0.5381210912955707,0.45311104923133605,14.995758660047859,8.936866693679798,2.641205931288512,awake
1787504725.4492393,0.44029097475726686,0.5186717809661682,0.4794813778617175,0.45398709902908363,13.47296951654699,9.172042003283556,3.173740463010798,awake
1787504725.5613754,0.44492419856993215,0.5099296993317717,0.4774269489508519,0.4532821781277838,14.362639261089434,8.833007751353808,2.978372375144028,awake
1787504725.6892018,0.4924246409730904,0.5279222462846811,0.5101734436288857,0.4531391401468302,13.280842937566058,7.768496461740572,2.5078236582096034,awake
1787504725.801088,0.501805255695519,0.5347182001117441,0.5182617279036316,0.4520453026358,13.797050131348682,7.686076930293782,2.3201826010149316,awake
1787504725.9313674,0.5014622528750242,0.5410137112929087,0.5212379820839664,0.45170377120066774,13.001821229596766,8.376828586165935,2.1216097408822616,awake
1787504726.0460038,0.4952805773219485,0.530057047875063,0.5126688125985057,0.45039275611108653,13.031714642498798,8.547454276273498,2.5188402950854805,awake
1787504726.1693308,0.48925453631633953,0.533679629185575,0.5114670827509573,0.4515515962846479,12.70094702314377,9.750204722630516,2.3581110263583414,awake
1787504726.2812202,0.48288863482333316,0.5382797578753771,0.5105841963493551,0.45397743232191035,12.549662240801963,11.279476581609805,2.691934807351035,awake
1787504726.407945,0.4905868130596529,0.5398242800710391,0.515205546565346,0.4548517083341992,12.37476169638432,10.260488310910238,2.357684271396346,awake
1787504726.5207782,0.4889231702002606,0.5365651220041167,0.5127441461021887,0.45374398448201686,12.068627447041726,10.325919603573361,2.3517130968655238,awake
1787504726.6483653,0.48888482530051935,0.5380407910561988,0.5134628081783591,0.4541981155635027,12.293365625817252,10.501795218295355,2.323064993092771,awake
1787504726.7739623,0.48803490326928317,0.5332071070662778,0.5106210051677805,0.45369057446957806,12.860868642113024,10.368628199632822,2.5364914762315363,awake
1787504726.8885467,0.48045465589982445,0.5291791913574773,0.5048169236286508,0.4527188239567373,12.844749892303968,10.031394590883254,2.5737759066702384,awake
1787504727.0019593,0.47300659916438664,0.5277366322056752,0.500371615685031,0.45322981802845996,13.217718109112889,9.899268121518796,2.313414103784072,awake
1787504727.1300411,0.4787998820589869,0.5296071904174796,0.5042035362382332,0.4527684385519341,11.253628786017913,9.636901134777219,2.2617195581402965,awake
1787504727.239886,0.47340693598698486,0.5206521590624179,0.4970295475247014,0.45340039838422624,11.988970667029765,10.087384723208558,2.221462564967697,awake
1787504727.3679473,0.47943246036282394,0.5260714700832884,0.5027519652230561,0.4548812071539587,12.208062821085273,10.201373013777289,2.876754777096464,awake
1787504727.4798727,0.479839268591275,0.5225392720094725,0.5011892703003737,0.4520235085349677,11.990112294367552,7.9908364029019054,2.457394428031772,awake
1787504727.5931146,0.48169011850851323,0.525148508145213,0.5034193133268631,0.4511490654145049,12.265811987287274,9.524362995179287,2.135648339976938,awake
1787504727.721334,0.47706965001015056,0.5252841848868849,0.5011769174485177,0.4504170359772672,11.936337012051954,9.602409469910397,1.9698886423534518,awake
1787504727.8419895,0.47648483200128966,0.5211035464406202,0.4987941892209549,0.4517243736179237,12.225315425663851,8.680101486431198,2.1653876537410954,awake
1787504727.959324,0.4791548501103476,0.5183782713614442,0.49876656073589587,0.4533942016406561,12.999120852492062,8.636641386871306,2.429194433737931,awake
1787504728.074336,0.4706618211982242,0.5134337560833366,0.4920477886407804,0.4521370106356029,12.003042482196946,10.029315180454898,2.2963501349872266,awake
1787504728.2013388,0.46153814894770695,0.514113648969753,0.48782589895872996,0.45394224021328966,12.34927469641726,10.829340767074275,2.816368647139026,awake
1787504728.3205273,0.445348439171924,0.4901890713438384,0.4677687552578812,0.453772532715506,13.36603730271749,8.072916171168888,2.6774366484711702,awake
1787504728.4399488,0.4057908567999544,0.4730384245573364,0.43941464067864544,0.4538434038160481,10.37704325897896,9.448109594318089,2.194559508069655,awake
1787504728.5536845,0.49960045049747515,0.5291549200046031,0.5143776852510391,0.45231248547459746,11.060010029909964,9.195328680682616,2.383315920540902,awake
1787504728.680453,0.4964936455216691,0.5329393130512073,0.5147164792864383,0.45143076866135384,12.273470432340575,8.699310102993156,2.102069380062183,awake
1787504728.7922435,0.5002581592684259,0.5423557133290403,0.521306936298733,0.4528545575910078,13.952196817104342,9.328880022703686,2.5597645038264694,awake
1787504728.920529,0.5023350659466443,0.5434910052849129,0.5229130356157786,0.45042230708961933,13.757060118195708,9.351665596966274,2.2131232592796968,awake
1787504729.0328863,0.5023331672295227,0.5507225050151151,0.5265278361223189,0.45222457360570073,13.394016190864205,8.525155988146043,2.959628589380457,awake
1787504729.1600926,0.5136159079139974,0.5516190552171787,0.532617481565588,0.4530940640994636,13.817871932757457,7.997792323937866,2.7321714515044677,awake
1787504729.272741,0.512524817361054,0.5478081315089733,0.5301664744350136,0.4531767932004342,13.722199073697215,7.053152374513017,2.4867437927614855,awake
1787504729.4015357,0.5119649263113807,0.5515160069447174,0.531740466628049,0.45173425889356916,13.25277000713625,7.615229405509751,2.0788345922005416,awake
1787504729.5093908,0.5098587401155029,0.5491532995192959,0.5295060198173994,0.4519824013415655,12.91691966725691,8.970359289564204,1.6037561235479483,awake
1787504729.6402164,0.4153155992390037,0.4697443859611728,0.44252999260008824,0.45371013788299025,12.298562417488537,8.948580682082435,2.5161892958215777,awake
1787504729.7525835,0.4239272413807625,0.4887350510893517,0.4563311462350571,0.45332448775089945,12.142561761022767,9.608211196079411,2.5228180499170776,awake
1787504729.8808317,0.4855881498478135,0.5409617329025141,0.5132749413751638,0.4502187752622226,12.219403027764193,10.164393139829485,2.055398247927684,awake
1787504729.9922087,0.4998562008425055,0.554244724825508,0.5270504628340067,0.45127413929669247,12.584652645333687,8.688448797835688,1.9858905274853167,awake
1787504730.1208084,0.5001941737478803,0.5521834988929055,0.5261888363203929,0.45202772600812613,12.798139521013088,9.1477707182752,2.1608686303993063,awake
1787504730.2327144,0.5107481037950393,0.5540565026368389,0.5324023032159391,0.4545486908436889,13.71636477662506,8.88448640010078,2.8028405642953813,awake
1787504730.3601,0.5076022959235629,0.5577612717434313,0.5326817838334971,0.4535019411593678,13.406250293493885,9.404986727804515,2.010068672749514,awake
1787504730.4714417,0.5059135049263259,0.5510682659425146,0.5284908854344202,0.4532842134538302,13.801976297441024,9.812460604398717,2.4459001174855977,awake
1787504730.5947242,0.5052167285016722,0.5497533647164907,0.5274850466090815,0.4552404644902913,13.804144640920324,9.608764356846153,2.490119383022485,awake
1787504730.707985,0.5081879820632637,0.5435187935959814,0.5258533878296225,0.45268131824631724,13.3555796827019,8.380168935387854,2.3952365815185095,awake
1787504812.323953,0.4408815094726257,0.49307978573891503,0.4669806476057704,0.4554875456588216,19.168108144675735,7.163927126283943,1.038832254081124,drowsy
1787504812.4413636,0.42910652599489824,0.5046235248337655,0.46686502541433184,0.44973096816533625,16.76257546060316,18.227785165341476,0.3408692543331305,drowsy
1787504812.5548742,0.4433458257375434,0.5049592086294169,0.47415251718348017,0.45126356089020064,17.303943247652896,19.47724143148003,0.5096192265657329,drowsy
1787504812.6811702,0.43564582798050233,0.4883939777464874,0.46201990286349487,0.45253000478409044,17.301712741660218,16.16738986187164,0.206166956771508,drowsy
1787504812.7980633,0.44945407214449595,0.4964868832430421,0.472970477693769,0.44945403485983676,14.620729563917235,14.447550771268247,0.3551257619999976,drowsy
1787504812.9238796,0.44300335341564007,0.4915538410557721,0.4672785972357061,0.4544379851314749,18.85293418939226,17.040426105703126,0.5162719913035884,drowsy
1787504813.0355415,0.4302381471208655,0.48826269268123135,0.4592504199010484,0.45599488978812447,16.422912216306766,15.18724238659099,0.16039956472224598,drowsy
1787504813.163855,0.38325515182151537,0.43520436590493733,0.4092297588632263,0.45156358949149217,15.5798082860638,13.518863132380595,-1.1697036523704616,drowsy
1787504813.2833436,0.31803301269520473,0.3168046193381172,0.317418816016661,0.4542841753373569,15.924902395844663,11.610765824551814,0.270900978104381,drowsy
1787504813.4023101,0.2984861695640604,0.3363245079589381,0.31740533876149923,0.45614154754227076,13.821626221098327,8.403918662142354,0.7646341870042982,drowsy
1787504813.514969,0.3257908646840954,0.34946262228084907,0.33762674348247224,0.45636484041135733,13.825956493820817,8.960571482640535,0.5010345026569174,drowsy
1787504813.6414323,0.3418764120879281,0.3826191320641628,0.36224777207604547,0.45233621477927677,15.489093889161612,5.95951262628949,-0.7078786198844425,drowsy
1787504813.7535071,0.3512633010290323,0.4016108232780057,0.376437062153519,0.4530300740890509,16.310432866398635,9.511809163652199,-1.7645023639829303,drowsy
1787504813.8803596,0.3125138957594937,0.3496778006958146,0.33109584822765414,0.45331315544993067,14.481241047640049,8.888943605427137,-2.615816124326591,drowsy
1787504813.9917784,0.3278066344561838,0.37028869653824426,0.349047665497214,0.44988829902281274,15.244339891480063,8.019086783399251,-4.8100192911924875,drowsy
1787504814.1206646,0.33140076862951307,0.37818119950330187,0.35479098406640747,0.45472425979845627,14.769606480680652,6.421531238223156,-5.97772885695411,drowsy
1787504814.2329416,0.35032623386581596,0.36895109429039474,0.35963866407810535,0.45744816799027543,19.310412348730896,2.348373831090224,-5.483124520792135,drowsy
1787504814.360794,0.3116224581771954,0.35254764835483443,0.3320850532660149,0.4529933440579084,18.52389892664228,6.152087318075233,-6.175861390658911,drowsy
1787504814.473409,0.28528549832618927,0.3535225168018258,0.31940400756400755,0.45615614110690217,22.479058396049496,5.259690475407454,-4.33191929150254,drowsy
1787504814.6015189,0.2837025536538038,0.3513143909617939,0.3175084723077989,0.46255587113895824,27.076149646768812,9.227772383091658,177.14184439458253,drowsy
1787504814.7793922,0.3108206745670491,0.31804686339976146,0.31443376898340525,0.4582976143174603,27.679161702666804,10.828523061322633,177.9614089176286,drowsy
1787504814.8894026,0.22815002710695392,0.26625547823261825,0.24720275266978609,0.4623612748615004,30.63884457973093,2.544668595151007,176.20671272277846,drowsy
1787504815.0204618,0.2672775466786472,0.3450800520545608,0.306178799366604,0.45363829717581117,22.63205520044963,4.4289751465691625,-2.506788326025169,drowsy
1787504815.1291792,0.3285297129996913,0.3175109985358928,0.3230203557677921,0.45728741047089344,21.949789898813286,5.965511621482431,-4.577533629772467,drowsy
1787504815.2573063,0.27346456880004827,0.28684853598316584,0.2801565523916071,0.4582996812844609,24.47748484627724,5.248815487885237,-4.822091957735805,drowsy
1787504815.3700345,0.2720281427971001,0.283960061812337,0.27799410230471855,0.4491138390148994,24.09257271147721,7.961567921172805,-6.221339763240434,drowsy
1787504815.4969568,0.3050204602990865,0.3443440893504782,0.3246822748247824,0.4568892837514596,21.919094744998286,8.954896589552868,-11.23735792483026,drowsy
1787504816.7094393,0.23141611591243968,0.261935321665516,0.24667571878897782,0.4554663434557219,23.567211845732132,2.8687453511415266,-8.388619780554265,drowsy
1787504816.8759186,0.38530187813287264,0.3935278944770483,0.38941488630496046,0.45542317328353377,17.01937141556347,10.796104660038798,-9.314443735145385,drowsy
1787504816.987974,0.3571733580854907,0.3519531845060615,0.35456327129577614,0.4565434388793635,20.796434003684677,4.113862917998359,-6.2952733136026096,drowsy
1787504817.123317,0.38728130471355793,0.4261515515376353,0.4067164281255966,0.45542157720104515,20.05663933089749,3.1811172464628337,-6.847180246322203,drowsy
1787504817.2260725,0.3727470202255232,0.41194660336272926,0.3923468117941262,0.4501467807278211,19.379922083538276,1.8360853217134694,-8.03225095287427,drowsy
1787504817.3343425,0.37945506896622877,0.4158578035263983,0.3976564362463135,0.4481589150844827,18.407855269067735,3.5093249582668498,-7.1768249696955,drowsy
1787504817.4386718,0.39065957971734433,0.41770689867980454,0.40418323919857446,0.45101373328463473,14.543699161036633,1.801387979791273,-6.1923190980705485,drowsy
1787504817.592206,0.40698367712315975,0.42597483191233204,0.4164792545177459,0.4561481992776635,13.018711515022376,1.6333963923649362,-4.841480735618734,drowsy
1787504817.7058263,0.3871473812816907,0.40799545874235943,0.39757142001202506,0.45064030223526186,13.021895294718531,0.7627222012680531,-3.266274797300535,drowsy
1787504817.8337936,0.4024281063109108,0.4253367549777499,0.4138824306443304,0.45494862384841606,10.278856904351171,0.3192774509100318,-2.5199929576609668,drowsy
1787504817.954411,0.41274435747762994,0.4378852322376249,0.4253147948576274,0.4501287505375673,15.615308191315137,7.398019597308101,-0.08971399320774763,drowsy
1787504818.0732386,0.44105225732146874,0.44691598363466456,0.4439841204780667,0.4549126906078712,16.194431192622368,2.1744294001908893,0.989348104677497,drowsy
1787504818.1865804,0.3091930960517455,0.3172146979465955,0.3132038969991705,0.45745454750979164,10.56321342497425,1.3062389871296058,1.55916980287432,drowsy
1787504818.3228884,0.3449987038250428,0.3290472888611423,0.3370229963430925,0.45947040870424316,9.72920767573461,-2.5449192172208566,1.4551895534111408,drowsy
1787504818.4255245,0.35136868573289337,0.36724543498518647,0.3593070603590399,0.45509463538815526,9.77123875576365,4.331805209236895,2.91389313274915,drowsy
1787504818.5534167,0.349091325952209,0.3596573504453298,0.3543743381987694,0.4517092486333281,13.021141823551897,1.8525473945726414,2.0353185083777094,drowsy
1787504818.665758,0.3493963025163576,0.3565443780776597,0.3529703402970087,0.4519430200917335,13.68258606718399,0.4721901748685872,2.3922541216163182,drowsy
1787504818.805694,0.3656353803069985,0.37704461820466956,0.37133999925583405,0.45285290786691107,19.370677800849112,0.5525271118874359,3.800434004334101,drowsy
1787504818.9267645,0.3638906448595339,0.3763392494409175,0.3701149471502257,0.4555081239256836,21.945199532938812,0.7855966737996007,2.2047730327236934,drowsy
1787504819.1176612,0.38269233916891465,0.3884876153168488,0.3855899772428817,0.4626280245066518,32.071907414410234,1.5304363684994824,-177.77778019739918,drowsy
1787504819.2762663,0.27750039334606874,0.2916447248894354,0.28457255911775203,0.46236996411547604,20.297009800737733,8.46342122174414,-0.5778763691529799,drowsy
1787504819.385493,0.29968670441291995,0.31524160182518024,0.30746415311905007,0.4566702019473948,31.46076586657192,0.3460827325922727,179.27189021218786,drowsy
1787504819.5138075,0.24369991516764017,0.2800823361888845,0.26189112567826234,0.4631680835653829,29.878052316799888,2.8689467828327415,179.36885288793627,drowsy
1787504819.626217,0.24484372825296566,0.2993016159408513,0.2720726720969085,0.46578498910621774,23.09983283704073,1.2493480293184362,-0.5357885904927605,drowsy
1787504819.741389,0.23808787516715738,0.26287248685065223,0.2504801810089048,0.46639248658975413,35.936485742866545,0.15331339676873615,178.69912955013564,drowsy
1787504819.8672671,0.29631041242512673,0.274408859567356,0.28535963599624137,0.45687762841059043,34.364707193106454,2.3240903546938254,179.88205631861598,drowsy
1787504819.9940555,0.2584795555543145,0.3240461950588969,0.2912628753066057,0.4564591563527952,24.067684369739933,-0.48438808857509985,2.622282378766393,drowsy
1787504820.3564687,0.3309035402671978,0.3911696120518356,0.3610365761595167,0.4620600778126327,36.81006920579999,-1.402606609688815,179.26752581732055,drowsy
1787504820.55608,0.3712488952022823,0.3941598584436701,0.3827043768229762,0.4652974774879702,28.062015256530433,-2.593699510472203,175.69804385757794,drowsy
1787504820.6764777,0.31386925026768964,0.3401017012950273,0.3269854757813585,0.45717321196752503,22.00843664877991,-2.3864796599455937,-0.06908726560814954,drowsy
1787504820.7843704,0.3080241614868064,0.2551324026119069,0.28157828204935664,0.45403430382484233,24.851733940194148,-3.3169887921762653,-2.33448615166973,drowsy
1787504820.8847978,0.34205625648640986,0.3769929510964772,0.3595246037914435,0.4533545757604972,20.018044859529944,3.9460938714846656,-3.3120634340762125,drowsy
1787504820.986695,0.3500544217365604,0.35616073051113073,0.3531075761238456,0.4519607075214769,17.404218098551706,3.0380555962752775,-2.958077263261295,drowsy
1787504821.1246731,0.35660461214091316,0.39408215748259745,0.37534338481175533,0.45110674001322015,17.086594003324226,6.193117936408512,-4.411453347831427,drowsy
1787504821.2298555,0.31262690186379355,0.3424837421119735,0.3275553219878835,0.45607249808934963,17.927614204822113,7.294222464025779,-6.662078345306232,drowsy
1787504821.367231,0.31218752944362116,0.3596712171996053,0.3359293733216132,0.4570917792800333,20.841548124456235,7.674249852308054,-6.717915509592663,drowsy
1787504821.484454,0.2915785266162895,0.31082077116899837,0.30119964889264395,0.45635344816253554,20.61493794637976,12.117464286043836,-6.306868851276589,drowsy
1787504821.623169,0.3369896033363366,0.3666778539701451,0.3518337286532408,0.45213116306620227,19.367802125282697,10.892280450465195,-6.078022324610017,drowsy
1787504821.749059,0.2948533694767181,0.3524874150934715,0.32367039228509475,0.4520632318916412,16.226851311395475,13.198777765536986,-7.241579769786782,drowsy
1787504821.866883,0.3722733121083712,0.41938521410997415,0.39582926310917266,0.45596888666217533,12.726717553003823,13.213242655698904,-5.932705861521556,drowsy
1787504821.9673276,0.38957461871164,0.4255165886079698,0.4075456036598049,0.46018646187416345,14.10105003307746,10.493663092274558,-5.610406598947192,drowsy
1787504822.0806417,0.34897901788631963,0.37204694094141694,0.3605129794138683,0.4814591913342366,10.647748694117679,9.866981316215275,-4.877024677289045,drowsy
1787504822.2033892,0.32778763953368784,0.35718301066294506,0.3424853250983164,0.4552294548078514,8.98281753517512,10.420864958032388,-4.150274355036055,drowsy
1787504822.3210058,0.32173234780048154,0.34801875701007184,0.33487555240527667,0.4785844930900152,7.485642940657077,9.676702751254883,-3.3246925704158508,drowsy
1787504822.4329057,0.3610283358360144,0.38585443461106045,0.3734413852235374,0.4687072164572822,5.038219796101896,6.12636541522552,-2.451923448703359,drowsy
1787504822.5486748,0.3680186207000224,0.38258581983244677,0.3753022202662346,0.49380010935938584,6.3433657780012,9.317196627071285,-2.155602057615637,drowsy
1787504822.8218982,0.40341458465173335,0.4087262762421387,0.406070430446936,0.4535367117819432,18.338520555495144,-2.556339203361918,-1.2825195391649615,drowsy
1787504822.9861178,0.3582559161691869,0.3705109501374467,0.3643834331533168,0.45081301087216874,17.747831507831776,3.631071978097842,-1.101169093601455,drowsy
1787504824.2667553,0.23746652157107614,0.2896740906387941,0.26357030610493515,0.4629180271883348,25.885869117432776,0.5522152465526262,-10.880154794952903,drowsy
1787504824.4256306,0.261760858642346,0.2977656772561295,0.2797632679492378,0.46084269831799957,23.728813580881614,12.742336612051147,-10.937219817435297,drowsy
1787504824.5540586,0.2930476749902236,0.4084459526532748,0.3507468138217492,0.45732703465154945,20.370027002382436,17.24371211615609,-9.71799420732751,drowsy
1787504824.664774,0.3091315158997462,0.37977884855889404,0.34445518222932014,0.4507414448615824,18.694390200084285,16.314601942984396,-12.004829621516873,drowsy
1787504824.7939265,0.3144861476407091,0.3812824269159941,0.34788428727835163,0.446949188057091,16.934627824310894,16.24718352303862,-11.487632410610082,drowsy
1787504824.9042647,0.3531326160723086,0.45174953446040605,0.4024410752663573,0.45557549217403476,17.080520417809712,20.403350346957158,-12.223339510521342,drowsy
1787504825.03246,0.3584143224599809,0.4339280000583676,0.3961711612591743,0.45219228462067845,16.39118819682218,19.676356299195355,-9.809784713964184,drowsy
1787504825.145935,0.3130268745840061,0.3917468117272737,0.3523868431556399,0.45145731518038124,17.342119086458375,15.96172312245379,-7.986395830956457,drowsy
1787504825.2728333,0.39784877498472165,0.42478511655012136,0.4113169457674215,0.458994458300212,15.723852983662551,8.597866658463479,-6.290163471123779,drowsy
1787504825.3831425,0.3924391658437141,0.4168609942313358,0.40465008003752495,0.45496519099939337,15.345364186819873,10.804973729780622,-5.470420265450775,drowsy
1787504825.5145037,0.38583590938996976,0.4161379151185931,0.4009869122542814,0.4544761279104555,14.40164668850007,12.752276944709886,-5.823572764768198,drowsy
1787504825.6254482,0.39379924600688726,0.43253240208381716,0.4131658240453522,0.45343443146505935,14.478416431534287,8.608972814003064,-5.353173165579735,drowsy
1787504825.753863,0.4006924484941855,0.43249080143397345,0.4165916249640795,0.45286393451791035,14.077140889129709,5.845262969127103,-5.0083074916169865,drowsy
1787504825.8646894,0.42443777634003843,0.4499480671541027,0.4371929217470706,0.45087175361886384,15.404883999535189,7.35280261517029,-2.471306257842766,drowsy
1787504825.9770427,0.42545896098958014,0.44676496148993133,0.4361119612397557,0.4537707239407051,13.323411076786991,2.2823659264359746,-1.0225708010243006,drowsy
1787504826.1053212,0.3916509723600872,0.43246284177044975,0.4120569070652685,0.4525661651047001,15.597457175541798,6.510406783145155,0.7579603312115408,drowsy
1787504865.9221988,0.4722262724265885,0.49930437377151815,0.4857653230990533,0.45516880126529674,14.872831781319343,14.253726555234529,0.8388685385454465,yawning
1787504866.036074,0.43509330316779077,0.48363345823058923,0.45936338069919,0.5207371707842054,12.628501968054746,14.773802639870837,0.5936711665818766,yawning
1787504866.150877,0.44712638562105483,0.48758226465009413,0.4673543251355745,0.61124209280072,10.946342892174709,15.909190762144203,-0.40794363367357056,yawning
1787504866.2632117,0.4547179074928036,0.49187230686308697,0.4732951071779453,0.5951319575797741,12.465764102874104,14.774047416071923,-0.4186937929370556,yawning
1787504866.3704448,0.44469989614187766,0.4867501758420589,0.46572503599196824,0.597952629412833,10.97617302063036,12.689157146350547,-0.7501434011819095,yawning
1787504866.4847152,0.445598552071661,0.4779130959703048,0.4617558240209829,0.6923842850708692,7.224314344161879,13.02893694687705,-1.1446438121967235,yawning
1787504866.6117225,0.4001397619399068,0.44248397083681434,0.4213118663883606,0.7765098753717875,5.447173279730485,15.656438237574212,-1.0368867404493933,yawning
1787504866.7292194,0.3830923399202324,0.4349038417467874,0.4089980908335099,0.8190774628738003,1.4368855238815255,15.423987738758635,-0.8050037888946452,yawning
1787504866.8511388,0.40687985924357606,0.43536269601075,0.421121277627163,0.8506209536026677,1.0987216548815972,6.758431877792834,-0.5711592946429245,yawning
1787504866.9630806,0.3991741429813553,0.4185570322246166,0.40886558760298597,0.8343490729150201,-0.40111620985938423,6.441954196657123,-0.4394401940109951,yawning
1787504867.0915241,0.39257967151102136,0.4095842098380395,0.4010819406745304,0.884471447015672,-2.2955665401574685,-1.6560952245242335,-0.5456040418559734,yawning
1787504867.2032642,0.4037395884578731,0.40238109162758473,0.40306034004272895,0.8945674181501309,-1.3791612101795063,18.226734955868984,-2.3002425751201216,yawning
1787504867.3302414,0.40328593619556585,0.4106704328743174,0.4069781845349416,0.9271447634681552,-3.2283493056730963,13.865515747885569,-1.6551461836565056,yawning
1787504867.4622996,0.4111295169625996,0.4178409663441696,0.41448524165338463,0.9250034504599395,-2.7142013743693143,9.219878770420792,-1.603319508483368,yawning
1787504867.570563,0.4105349909248194,0.42372824779364143,0.4171316193592304,0.9179322288129423,-3.5187386062689674,-6.86960765694666,-2.4191271694530023,yawning
1787504867.6945083,0.40148970605392564,0.42094246405377195,0.41121608505384877,0.8063668942663067,-3.4403175074813284,2.135547717594599,-4.699797784542639,yawning
1787504867.8090503,0.3988731614103493,0.39915781945093975,0.39901549043064455,0.9571131375034073,-6.726916442583473,-1.6136974688491441,-4.3411586685526045,yawning
1787504867.954066,0.3937039527377806,0.39884930097474985,0.3962766268562652,0.9525620536143401,-5.446926685002036,-2.1795094407019038,-3.965515410074725,yawning
1787504868.0564468,0.4064004587114265,0.39234421330722485,0.39937233600932565,0.9712679095318671,-5.351726477773867,-4.855841918022617,-4.119603941614726,yawning
1787504868.163186,0.390652056150627,0.41009573283490963,0.4003738944927683,0.9892351385358751,-4.558672655182962,10.976482058161736,-5.1760564269936555,yawning
1787504868.290631,0.3848094763153466,0.42572057456604023,0.4052650254406934,0.9469517386862744,-3.790333587292213,15.443425641505762,-4.890259880853687,yawning
1787504868.4026499,0.3711761980431518,0.39094724925245133,0.38106172364780155,0.9556027799097805,-2.0539453281437665,22.55720274505885,-5.398286526844243,yawning
1787504868.531824,0.32723401486204656,0.35717189261090304,0.3422029537364748,0.9401356032892151,-3.1143703830748843,17.30889528186616,-5.414997519722715,yawning
1787504868.6542563,0.30985551458022254,0.3180945764367219,0.3139750455084722,0.941859749943823,-4.658657871649781,9.37077344976338,-5.704413738399019,yawning
1787504868.7690454,0.3429752642852294,0.342725647865906,0.3428504560755677,0.9534545122995579,-0.4606995215839236,20.00134686836983,-6.654254545423165,yawning
1787504868.9086523,0.3225405442132287,0.33476222470994005,0.3286513844615844,0.921323089094285,-2.4258845431819607,16.899077726756616,-6.263203555931323,yawning
1787504869.0107286,0.28270656263134836,0.30209583930904166,0.292401200970195,0.8977501652173465,-2.7786347754146776,15.53591301713834,-5.593149041956309,yawning
1787504869.121826,0.26066076720167275,0.28301437328239354,0.27183757024203314,0.7988085177330622,1.8361322316364805,16.108562707415974,-4.0639201075302545,yawning
1787504869.233514,0.30462766673485814,0.35037713407871,0.3275024004067841,0.8519744170775664,2.2389137342722103,15.360315751361396,-2.8665864798332534,yawning
1787504869.3618534,0.34209672770049765,0.3638171908123714,0.35295695925643455,0.837035205941683,2.2730611779379992,15.900620431314918,-2.3152648404120426,yawning
1787504869.4735284,0.31170418473655453,0.330354200075249,0.3210291924059018,0.8071099320594899,1.8783054946389024,7.449061061219332,-1.0182527956051692,yawning
1787504869.6003616,0.299865362716081,0.32377513393501767,0.31182024832554933,0.7089049006353993,3.129160979050686,11.10556048735963,-1.501149103181951,yawning
1787504869.7151704,0.28981900227673013,0.3130457841338152,0.30143239320527265,0.6937916086788848,4.769482521473273,10.139260784083946,-2.5268750186973516,yawning
1787504869.8166726,0.2996657635542045,0.311823125343307,0.3057444444487557,0.7181683782695588,4.667457752171373,11.985303626747124,-2.8162316820052653,yawning
1787504869.9268656,0.2848302498585677,0.32845421523993457,0.30664223254925116,0.7370244958711557,4.524104594136291,10.967280987864774,-3.606317589788822,yawning
1787504870.0412354,0.23919112230702397,0.28936210610569507,0.2642766142063595,0.6786210760780275,6.325580223891058,10.56521006516181,-3.492628564805815,yawning
1787504870.1450977,0.26441766181512527,0.2958629780135217,0.2801403199143235,0.6505113051702265,6.912741660155921,6.102052799349999,-3.0917867648988144,yawning
1787504870.2571838,0.28897884352816644,0.30567120000384995,0.29732502176600817,0.6284271310322401,7.996911584585231,4.577284506574195,-3.0272282739347305,yawning
1787504870.3600426,0.2720647160334324,0.2754083134349996,0.273736514734216,0.6367978648911474,7.548677822606257,6.776487348313561,-3.2512941367783257,yawning
1787504870.4974568,0.25003215307298204,0.28547685166145315,0.2677545023672176,0.6244380659281414,6.918695288436416,7.687429715189813,-3.1592405953834715,yawning
1787504870.625044,0.2538299961472482,0.25730703203620825,0.2555685140917282,0.6293299930624682,6.114235029330835,9.975618253229882,-2.632647583972059,yawning
1787504870.7480302,0.27134533832194657,0.31690292517874796,0.29412413175034724,0.6054733447034939,5.939138811549457,10.110955916745262,-2.6911076158218425,yawning
1787504870.8660553,0.27459871426313603,0.33315310869814513,0.3038759114806406,0.6497491393701412,5.297833662283087,10.596752759184739,-2.2455841330401123,yawning
1787504870.9903293,0.2676436715545388,0.2956227567180476,0.28163321413629316,0.7138842171614406,3.3038062155456274,16.32055120651133,-2.675086643254039,yawning
1787504871.1052866,0.270927482675289,0.26646178185620445,0.26869463226574675,0.7334365134003311,1.452161989963761,16.624021224739575,-3.159346617753914,yawning
1787504871.217397,0.28344301028015195,0.2876679096866924,0.2855554599834222,0.754327486374274,2.5509311964922063,16.311216814479373,-4.24194125415143,yawning
1787504871.3454826,0.33038080592455077,0.30863463135758995,0.31950771864107036,0.7328409139925504,4.443212076690609,13.925664792137713,-4.740859261250218,yawning
1787504871.457613,0.3310766936076475,0.31889963975553604,0.3249881666815918,0.7718571077332776,3.396962471655729,13.134062694033666,-5.24338574144705,yawning
1787504871.5619476,0.32328433593860584,0.31702761378260963,0.32015597486060776,0.5631604832949718,6.059434566482078,12.133809522138641,-4.756404444791531,yawning
1787504871.6979096,0.3002483882528809,0.31056807885226373,0.3054082335525723,0.6304685579114028,6.936368655551136,8.833515284610419,-4.79854244586456,yawning
1787504871.82556,0.320403878119654,0.3244983689521543,0.3224511235359041,0.6211366806657148,8.37060915549166,11.48737303143943,-3.080061612653823,yawning
1787504871.9370666,0.3212918608588486,0.32752423523635066,0.3244080480475996,0.5561991011430508,9.45851107071945,10.181016988734086,-2.0955292787607602,yawning
1787504872.06564,0.3079268513657187,0.3268955916512993,0.317411221508509,0.6844759702292654,3.2072184000424633,12.7968122677672,-4.685014165161459,yawning
1787504872.1912677,0.34468790584203984,0.3637515025851109,0.3542197042135754,0.6255074229136682,4.0476429949105155,15.380273243426174,-4.829566135470081,yawning
1787504872.3056204,0.3554049210923434,0.3654800967601895,0.36044250892626645,0.5268723955635631,9.787083669196166,15.360947171788094,-5.442658953995796,yawning
1787504872.4286566,0.34169001338484234,0.3533907974277432,0.3475404054062928,0.5001465288957508,10.389438705401597,11.97544603806976,-6.312442385548706,yawning
1787504872.5459073,0.3401404934338733,0.3815372794840181,0.3608388864589457,0.46108596567194887,11.459619118671108,9.650427113767357,-6.248536871664603,yawning
1787504872.6575518,0.35021828537159416,0.37757268894035884,0.3638954871559765,0.45804397872706626,12.022727816682517,10.595933640237774,-5.102864430176358,yawning
1787504872.7625654,0.359019284199017,0.425532205573271,0.39227574488614403,0.4541115658463958,13.841770787919172,11.570110105120227,-4.72055838976088,yawning
1787504872.8984609,0.3829731727126749,0.4311703167113979,0.4070717447120364,0.4552371798238935,19.94813679286773,5.865562866351097,-2.6874766803520034,yawning
1787504873.0242724,0.40674873474881174,0.4397840844309265,0.4232664095898691,0.45773307304599764,19.339833716404975,6.279701968362393,-1.814664485980888,yawning
1787504873.136825,0.41891868952608907,0.4452216338029012,0.43207016166449513,0.4549882786038708,19.56242239104561,7.500459689642135,-0.42102766633496097,yawning
1787504873.2659183,0.42751053537177613,0.44345425779135966,0.4354823965815679,0.4509962646662835,16.66890132293719,4.532564158011499,0.027142551053966135,yawning
1787504873.3766816,0.42317769736670047,0.45977964273971234,0.4414786700532064,0.4515064644116229,14.161171111827308,5.533590188995271,-0.3081465483952295,yawning
1787504873.5053713,0.4469651323061002,0.48112011435699104,0.4640426233315456,0.4651426846477794,12.574352947207773,10.84622309169453,-2.5279079569968435,yawning
1787504873.6307297,0.4355837649002625,0.4969303067026459,0.46625703580145417,0.642018552891509,12.66729392181825,17.73193482946596,-3.822681430429488,yawning
1787504873.7458057,0.426994722052124,0.46199622610715974,0.44449547407964185,0.7080057738970001,9.070206804998522,13.771825030555664,-5.763872982478547,yawning
1787504873.858271,0.4370909587697254,0.4540583870527631,0.44557467291124425,0.7500286423955855,7.252508789846705,15.071099231928288,-6.108253910957085,yawning
1787504873.9854672,0.4147640584140892,0.4556775972893965,0.4352208278517429,0.7515060783274892,7.452796595775443,18.251337011300205,-5.724912564898504,yawning
1787504874.0978353,0.4345573751265303,0.48197576813542714,0.4582665716309787,0.6115233693820928,11.266333543877872,12.329310212803245,-4.395980869097527,yawning
1787504874.2091913,0.42677161026804705,0.4484657350395216,0.4376186726537843,0.695724983808237,8.04325209845259,6.20319819141194,-4.342314741525987,yawning
1787504874.3197975,0.37790865583357897,0.3979036986326471,0.38790617723311305,0.7055642876014663,8.700234866534283,8.767555326616966,-4.339102501931086,yawning
1787504874.4240975,0.38058644850867956,0.4122154171296563,0.39640093281916794,0.8189043243472424,4.611156411576056,5.750612663732281,-4.520623613990014,yawning
1787504874.5902495,0.3967471519024853,0.42133747014415124,0.40904231102331823,0.8210798686657781,4.078893961418261,4.016233075791209,-4.996972426103973,yawning
1787504874.7664826,0.42578838495814386,0.44089027875526865,0.43333933185670626,0.7951668659896636,7.469623718862984,10.463923715224205,-4.856790540829105,yawning
1787504874.881998,0.43104952582516115,0.44422257405934473,0.4376360499422529,0.776009915081176,6.491017974805124,5.397956744450629,-4.896734271450578,yawning
1787504874.9935188,0.43317474465131056,0.461036625419521,0.4471056850354158,0.7878164336949844,8.340723920814632,8.487100323097964,-5.408103446504787,yawning
1787504875.1409833,0.4342449457600448,0.45736297845154256,0.44580396210579365,0.8001483054424686,10.036972256009104,10.293708843667257,-5.0835337699881675,yawning
1787504875.256697,0.42832149549736254,0.45310387636746347,0.440712685932413,0.7934904302804878,7.509580335077643,9.238668347460953,-5.641194495158775,yawning
1787504875.3624566,0.3769576059125838,0.3803526398636626,0.3786551228881232,0.7825125433596365,5.3751351038999635,4.504081840148644,-5.344228252247451,yawning
1787504875.4867158,0.38345442382067113,0.39902443695272405,0.3912394303866976,0.6179800532937576,6.159950073826454,2.1459035656074743,-5.0005269536069195,yawning
1787504875.6025105,0.4022838235591461,0.42331432909850947,0.4127990763288278,0.5822461493667864,8.266000595822707,0.4501401778023807,-4.865311993131921,yawning
1787504875.7278214,0.42170926096744193,0.4357930636509492,0.4287511623091956,0.5446050174184153,14.724599343300989,8.281970359543022,-4.060305916710511,yawning
1787504875.8411238,0.41515457673144174,0.4530082881822105,0.4340814324568261,0.4980602183859473,13.495742918901232,9.116199395999129,-3.6594990280141544,yawning
1787504875.9537032,0.4438738267891216,0.4681412390720144,0.45600753293056795,0.5671804950568008,14.848876205812775,8.613508616893137,-3.354154681134372,yawning
1787504876.081445,0.4376480972348075,0.46952333265375545,0.45358571494428146,0.5038594861349204,16.314567844021024,9.239772801389929,-2.674159443044678,yawning
1787504876.1934884,0.43686276555382225,0.47414099320186737,0.4555018793778448,0.45996081865824745,16.253101654135346,9.846100368988356,-2.0642612265664644,yawning
