session_id,timestamp,average_ear,perclos,blink_rate,closure_duration,mar,yawn_duration,pitch,yaw,roll,label
bb517922,1787549016.4863563,0.4665012697093385,0.011146865685772549,18.0,0.0,0.5637401184752088,0.0,1.1541466860568224,13.724280553002753,-5.156848299546517,awake
bb517922,1787549016.6953995,0.42737533192598987,0.013144022134027575,18.0,0.0,0.6455624936863958,0.2091076374053955,-3.1418103936675608,14.281896661349876,-5.099464544960707,awake
bb517922,1787549016.904066,0.4349235824358833,0.012827822959227412,18.0,0.0,0.5619631359887928,0.41778039932250977,-4.2193031199831275,10.8740350443326,-4.438166963749819,awake
bb517922,1787549017.128427,0.08050108339018211,0.016120022128635877,18.0,0.032174110412597656,0.4997272478115863,0.0,-6.465531543859157,5.375827092265894,-6.867597216798484,awake
bb517922,1787549017.3367147,0.2807982562713959,0.03360200739258143,24.0,0.0,0.47222729806507957,0.0,-0.6510176670044795,10.029875050175205,-22.794125377784933,awake
bb517922,1787549017.5603213,0.36829289608575644,0.03279680006189854,24.0,0.0,0.5663440909420795,0.09170842170715332,2.481855525454815,12.869461664251483,-26.353908680273673,awake
bb517922,1787549017.7702143,0.3618487841195399,0.03207544326547092,24.0,0.0,0.47194505539803455,0.0,1.8902097157326014,14.64715839908168,-25.143341136283794,awake
bb517922,1787549017.9917006,0.3962187667768228,0.031347486700673624,24.0,0.0,0.628871365496983,0.03230714797973633,-4.543640199632021,15.264950877790003,-13.011022587268592,awake
bb517922,1787549018.198742,0.4084240635462678,0.030696547886490816,24.0,0.0,0.5883315696707344,0.23931407928466797,1.5768050290105515,22.16495094590961,-2.1766437593824284,awake
bb517922,1787549018.4231765,0.41750110980377636,0.03060309900061504,24.0,0.0,0.49860880273868097,0.0,0.6030779296274072,22.598784162685597,2.7720791236729334,awake
bb517922,1787549018.630775,0.4035072404884318,0.0306035594371953,24.0,0.0,0.4705835060427306,0.0,6.6243053300824695,8.595652153012404,2.4622506864901577,awake
bb517922,1787549018.8552148,0.4199107383870119,0.030601970953063315,24.0,0.0,0.5742402355081754,0.0,7.10992363592465,8.7939394199665,4.9581271276565975,awake
bb517922,1787549019.0948143,0.45322936771584044,0.030603206264317426,24.0,0.0,0.6078695405266059,0.23959565162658691,6.066081845654705,12.720429738493547,2.731969774236123,awake
bb517922,1787549019.3197644,0.44147141581447963,0.030698362067427366,24.0,0.0,0.5977610276163122,0.4644341468811035,2.533873016100986,12.649810787877467,-1.8611692466141492,awake
bb517922,1787549019.5425692,0.3781650421362751,0.030653333862889237,24.0,0.0,0.47629471657317035,0.0,1.5495734799026273,-1.3472978667079334,-4.877178372697772,awake
bb517922,1787549019.7516913,0.40612541661959123,0.030602084045929866,24.0,0.0,0.5783914956961845,0.06348156929016113,-3.2277884272268507,-12.674384466165211,-5.979557844794467,awake
bb517922,1787549019.969906,0.37319032749925496,0.030667408703923073,24.0,0.0,0.5808890746878541,0.28168797492980957,-2.32110721436276,6.58941739039347,-10.345369464923436,awake
bb517922,1787549020.1837313,0.42692093569175177,0.03060324274874131,24.0,0.0,0.5725104827388828,0.03224444389343262,3.2219269250979954,18.384981230404417,-11.127430406852367,awake
bb517922,1787549020.401026,0.4308405279841644,0.030671794121553506,24.0,0.0,0.4614069080973744,0.0,5.435660759465333,20.872234229000277,-11.768059642986913,awake
bb517922,1787549020.6151905,0.4405885605195172,0.03060167326744925,24.0,0.0,0.583226213425558,0.06359744071960449,6.9644999806064565,17.580946012786914,-10.677240676812463,awake
bb517922,1787549020.8545969,0.45630969838211105,0.030606479263246656,24.0,0.0,0.4848423771795338,0.0,6.860067445021549,16.932771924842136,-9.14492105680715,awake
bb517922,1787549021.0801306,0.4179094571217319,0.030609472644973254,24.0,0.0,0.45407955297807984,0.0,5.362126361786074,11.0465331033915,-3.4702342533415016,awake
bb517922,1787549021.2868392,0.4112556169716757,0.030605870585709627,24.0,0.0,0.4569947167534093,0.0,3.239022979728155,-0.9858409486017129,0.18571278390406745,awake
bb517922,1787549021.5130801,0.43903332817332774,0.030695534064932035,24.0,0.0,0.5676338439181361,0.03242611885070801,2.8811481932849228,-3.221579488147889,0.34352629446942307,awake
bb517922,1787549021.7187717,0.4287669468922919,0.030603665974415824,24.0,0.0,0.6171392969945173,0.2381136417388916,5.942707911865915,13.635169892060853,-2.950354271468986,awake
bb517922,1787549021.9444294,0.4365855481442204,0.024270030548308962,24.0,0.0,0.5257293818899813,0.0,2.080513417043663,14.791178556363448,-7.256642346935399,awake
bb517922,1787549022.168435,0.4115622591339629,0.024230519527888475,24.0,0.0,0.4601102474173861,0.0,0.39316524597998675,14.514374941824958,-6.794162996585504,awake
bb517922,1787549022.3763785,0.4219392133724131,0.024269690396241352,24.0,0.0,0.5394534264889412,0.0,2.1602292285887756,12.56802851306451,-4.490966272140766,awake
bb517922,1787549022.6317368,0.43976351755861387,0.024231901843831023,24.0,0.0,0.46261756529609854,0.0,3.37672049053517,18.01922165231363,-2.1334021646719745,awake
bb517922,1787549022.839347,0.4444964071538797,0.02427372001128109,24.0,0.0,0.5307934546089276,0.0,2.892683119391369,14.646559988609857,-2.3503799431338,awake
bb517922,1787549023.0473444,0.42851665176752196,0.024195014751627174,24.0,0.0,0.5471206549576689,0.0,-0.8883598868960612,9.404191535846627,-3.66652357722115,awake
bb517922,1787549023.2718859,0.3988404518867027,0.02419441307071962,24.0,0.0,0.5506098254388312,0.0,-2.461866585194954,6.051010745822085,-3.64833660352897,awake
bb517922,1787549023.4890373,0.4260037348344504,0.019518247030608338,24.0,0.0,0.6441329422699718,0.12156963348388672,-5.400701018680427,2.445937996823179,-7.742904129280989,awake
bb517922,1787549023.70411,0.3618420171517503,0.019474313185067583,24.0,0.0,0.46672642326042535,0.0,-2.1549082111485696,15.238063684433694,-15.158179505976385,awake
bb517922,1787549023.9129684,0.4431830416090935,0.019533849290940934,24.0,0.0,0.47480746652186395,0.0,-2.743340722038282,16.50703087610316,-12.599737213156109,awake
bb517922,1787549024.1362634,0.37908594641743587,0.01947462985235199,24.0,0.0,0.48413110500922163,0.0,-1.4290774163240625,16.079608282157533,-12.119705851946664,awake
bb517922,1787549024.3443005,0.5381674446397384,0.01947409449563823,24.0,0.0,0.5667915821584045,0.048230648040771484,-4.661542465215042,18.275088479565632,-13.215569755652496,awake
bb517922,1787549024.567485,0.5140364414195382,0.019475817214202325,24.0,0.0,0.6031852499630317,0.27141594886779785,-6.881025300293795,28.169720012860136,-15.252016876991364,awake
bb517922,1787549024.806654,0.4956554322585308,0.019501029732603776,24.0,0.0,0.5766372089684693,0.5105628967285156,-3.860092629339535,27.39536345901668,-15.475697050547417,awake
bb517922,1787549025.0359273,0.46019362613993886,0.019499219691262632,24.0,0.0,0.4777830159938867,0.0,-3.2625649456606283,27.876092288142996,-11.794437075016647,awake
bb517922,1787549025.2403772,0.47708717429591496,0.019521673889715166,24.0,0.0,0.5086695254923342,0.0,2.554164333170992,17.562181073796165,-3.8377286650037825,awake
bb517922,1787549025.4643402,0.47719954546214155,0.01950105394325285,24.0,0.0,0.5427782294556514,0.0,4.042938678873675,10.608147412462989,-0.25345128550010215,awake
bb517922,1787549025.6717503,0.5071454780248952,0.019489044931239888,24.0,0.0,0.4617321379629644,0.0,7.790090067131238,8.90075556715846,1.757445605819135,awake
bb517922,1787549025.8952096,0.5080591901788449,0.019557110558393608,24.0,0.0,0.4595769846548236,0.0,10.056334459318043,6.7306367263878455,3.032948498905276,awake
bb517922,1787549026.1027493,0.49332581882780896,0.01949589331314351,24.0,0.0,0.4619665164897761,0.0,7.728433450194312,2.2746009652088865,2.531961564305286,awake
bb517922,1787549026.327258,0.4581863680841767,0.019507865575202166,24.0,0.0,0.46485323123705036,0.0,4.002318870306413,6.139457198675151,-3.101544621270489,awake
bb517922,1787549026.56814,0.44096826041826587,0.01948449348067389,24.0,0.0,0.4662541465271999,0.0,5.665907176720842,12.296471717030009,-9.142750246448337,awake
7bb78b7d,1787549048.8841882,0.46586666295209395,0.02759613119199931,12.0,0.0,0.45763619031095004,0.0,6.414932503598607,7.708051816654111,0.27669211956266515,awake
7bb78b7d,1787549049.1176589,0.44483610127326123,0.02687111453113141,12.0,0.0,0.45793955732477104,0.0,5.724312370214139,8.706362104593602,-0.09197347000156644,awake
7bb78b7d,1787549049.34269,0.46825475239544884,0.026207537427555,12.0,0.0,0.46599360766203346,0.0,1.9905132791868996,7.32960791403783,-1.3608625672258137,awake
7bb78b7d,1787549049.5528424,0.42907262091982606,0.025616656627523684,12.0,0.0,0.5150255528878083,0.0,1.059841378315545,1.6782424994368457,-0.7972723904105086,awake
7bb78b7d,1787549049.77764,0.43276546378332803,0.02501344542369224,12.0,0.0,0.5033829266351848,0.0,-0.5132210213114472,-11.168545737449445,1.4671291826676134,awake
7bb78b7d,1787549050.0179315,0.3998433487154738,0.024399293680039298,12.0,0.0,0.46882822784974926,0.0,1.639259544632315,-24.562921928458106,2.3948650568035594,awake
7bb78b7d,1787549050.2382793,0.41799855505699446,0.024054739677817277,12.0,0.0,0.47095485434635,0.0,4.100057653164345,-19.85251293392534,0.4762685341161065,awake
7bb78b7d,1787549050.4456117,0.38875759706609964,0.023922789448803432,12.0,0.0,0.5002285936083797,0.0,0.7278943288599631,-0.2969807268383411,-4.316734834228454,awake
7bb78b7d,1787549050.6706893,0.4049134364742698,0.023940392348834407,12.0,0.0,0.5215733414025571,0.0,-2.066165814818972,20.21717547663397,-6.876948014539922,awake
7bb78b7d,1787549050.895612,0.4186028375291835,0.023900952803674477,12.0,0.0,0.5139172263702045,0.0,-3.2748853062531365,20.985252249264484,-5.399504562785584,awake
7bb78b7d,1787549051.1033907,0.08351089371941557,0.0272477486102413,12.0,0.03337836265563965,0.48043632770291755,0.0,-2.4834523434809896,19.67639738663901,-1.5676097859990799,awake
7bb78b7d,1787549051.3097465,0.37740326518580436,0.04005992788137524,18.0,0.0,0.4630003523818208,0.0,-1.2471257405528766,16.57703611265023,-0.6000891306676561,awake
7bb78b7d,1787549051.5348136,0.16952675296928582,0.04325770620572532,18.0,0.03186440467834473,0.48879395107260976,0.0,0.058368585577618017,4.697906126375391,4.333223602850704,awake
7bb78b7d,1787549051.7854075,0.41724012434709357,0.04654621182575036,24.0,0.0,0.46815118536958933,0.0,-1.1143555000573742,-10.256758616775675,9.194579746329962,awake
7bb78b7d,1787549051.9982626,0.3088120321141096,0.05284649622673764,30.0,0.0,0.4741705099638179,0.0,-1.3261464491848334,-8.798132688708332,0.10363806759311624,awake
7bb78b7d,1787549052.2157505,0.43221735116815346,0.05297037370231725,30.0,0.0,0.46956051151955186,0.0,-1.12113311712212,-1.6599866218486812,-5.564711132228305,awake
7bb78b7d,1787549052.430496,0.4206994969181971,0.04635866268156977,30.0,0.0,0.46707835869789255,0.0,-0.9683107368974487,-3.988201659923911,-4.802216803314426,awake
7bb78b7d,1787549052.6484425,0.43531467891789644,0.043327040289001306,30.0,0.0,0.4670023167711182,0.0,0.005297553748995565,-5.630254161758937,-3.1164517250534334,awake
7bb78b7d,1787549052.8630028,0.46045603416993447,0.043362658475276615,30.0,0.0,0.46736532049413776,0.0,0.6940773836514079,-4.4375423066581146,-2.332589305774653,awake
7bb78b7d,1787549053.0853574,0.4739291580872468,0.0433029025969561,30.0,0.0,0.4594746135151508,0.0,-3.6128640439474666,-0.99499122629209,5.168726711794733,awake
7bb78b7d,1787549053.2950733,0.46515423932652056,0.04336739013938931,30.0,0.0,0.46091196142119717,0.0,-8.549985127550544,7.259944891557141,12.077405146284985,awake
7bb78b7d,1787549053.5348842,0.45633288156782137,0.02903602153564686,30.0,0.0,0.4640485605844117,0.0,-4.41430071420875,8.668691540954656,7.112715529496317,awake
7bb78b7d,1787549053.7585652,0.44219497634671834,0.02895031251760987,30.0,0.0,0.4710111349225073,0.0,5.76335425566019,9.48355253937486,-7.947790326178402,awake
7bb78b7d,1787549053.9799418,0.4545224513678253,0.028998304452266324,30.0,0.0,0.4951877638277057,0.0,6.3256368595559245,12.033326194565209,-15.356042461143973,awake
7bb78b7d,1787549054.1904871,0.4578562023372037,0.028945823595136443,30.0,0.0,0.47244656897735005,0.0,6.195707889087591,12.087715978163367,-14.78256895979156,awake
7bb78b7d,1787549054.3982747,0.45834736319049996,0.028944843575797286,30.0,0.0,0.4747414381129105,0.0,6.734625944860839,11.619539834413471,-14.29988269275748,awake
7bb78b7d,1787549054.6225574,0.45205698044437526,0.028944298382499397,30.0,0.0,0.47911150797080726,0.0,6.035868703008289,10.536564735838054,-14.052373987367027,awake
7bb78b7d,1787549054.8305345,0.45312450380180325,0.0289443591118756,30.0,0.0,0.4738461106876406,0.0,4.7108654844480675,-1.8722501257953668,-7.609913253140986,awake
7bb78b7d,1787549055.054085,0.44587016721662887,0.028946134868685768,30.0,0.0,0.46929698842045414,0.0,4.49503220595509,-19.593067026049454,-0.5800892274016242,awake
7bb78b7d,1787549055.2941399,0.4598477469389397,0.028944240413787112,30.0,0.0,0.4652028394579138,0.0,3.5919797479613136,-15.784477830083654,-0.24038523685552404,awake
7bb78b7d,1787549055.519237,0.4358887281818651,0.029034901373181994,30.0,0.0,0.4618843163863255,0.0,3.1699647452107333,7.4459828526999265,-1.0159296827818816,awake
7bb78b7d,1787549055.725394,0.4923195575509011,0.02894603410090594,30.0,0.0,0.45725583530789676,0.0,-0.7834894555939629,30.84611939179103,-4.136342508966949,awake
7bb78b7d,1787549055.9501069,0.48527775274505514,0.028945455735027256,30.0,0.0,0.46017032363245036,0.0,-2.311473644838862,32.51459129950789,-6.297608076931618,awake
7bb78b7d,1787549056.1740854,0.5000899983738979,0.02899271004022847,30.0,0.0,0.46270585486271226,0.0,1.3186985366815023,33.526254166177935,-5.345290670839308,awake
7bb78b7d,1787549056.382603,0.4834445818136624,0.029035615961573943,30.0,0.0,0.4684940374115392,0.0,1.9047846757709757,33.877639775301624,-6.356293812194133,awake
7bb78b7d,1787549056.589427,0.4840786195490119,0.02894902775527603,30.0,0.0,0.4655360232161276,0.0,2.147971081633598,30.20288486629658,-6.969891985323463,awake
7bb78b7d,1787549056.8143802,0.44271304395820743,0.028944415700841882,30.0,0.0,0.4642597985846819,0.0,4.391318743594841,25.214878467446436,-5.692361786609245,awake
7bb78b7d,1787549057.0237095,0.43471504121751536,0.028954507256193026,30.0,0.0,0.46690721057129353,0.0,3.940668161968148,24.22981233335343,-5.677535455118728,awake
7bb78b7d,1787549057.247184,0.4469236128927388,0.029036152794066395,30.0,0.0,0.4631148417588811,0.0,3.2546726376181683,20.622210141243936,-5.247259005100545,awake
7bb78b7d,1787549057.485555,0.44072738531511024,0.028946814724438497,30.0,0.0,0.46177050705281963,0.0,6.8380301933237915,13.839504669730973,-2.7159850328952277,awake
7bb78b7d,1787549057.7110372,0.4394305235759296,0.02903435972611636,30.0,0.0,0.4690060977151355,0.0,6.552521042979679,8.131056241873377,-0.17006869640852024,awake
7bb78b7d,1787549057.917887,0.3903935581070423,0.028947542930234514,30.0,0.0,0.4812283612873038,0.0,4.776813179953037,-0.12000010949608807,0.917460595213778,awake
7bb78b7d,1787549058.1429734,0.4010952593539122,0.02894527008310018,30.0,0.0,0.5850743166846546,0.06341218948364258,6.211422794320294,-2.969462803351648,0.3978042413342978,awake
7bb78b7d,1787549058.3500137,0.40562012336206277,0.02894539500104923,30.0,0.0,0.5948179337730457,0.27043771743774414,2.0925372044326447,5.144995907772524,-4.10989771507747,awake
7bb78b7d,1787549058.5748212,0.40828498417828785,0.029011497053594886,30.0,0.0,0.5200024815368837,0.0,0.2694432805163231,18.363837911581093,-6.174846046587031,awake
7bb78b7d,1787549058.783071,0.4729193620019626,0.0289593947100103,30.0,0.0,0.4778188539797953,0.0,-2.183987291088575,21.179939378616993,-1.125874217966179,awake
7bb78b7d,1787549059.0090337,0.47629715027911756,0.02895387537830629,30.0,0.0,0.6970688823104202,0.1947617530822754,-2.7969800845826853,6.5845535750694175,-1.641739623844925,awake
7bb78b7d,1787549059.2666795,0.4658348006395707,0.028977686872230242,30.0,0.0,0.6412729940559756,0.4523801803588867,-2.967678235725403,-4.002283547780367,-1.8062415402070977,awake
7bb78b7d,1787549059.470728,0.45328392409021445,0.028949912786211084,30.0,0.0,0.46501415195625134,0.0,-1.7238447011008784,7.741976300941793,-4.504214445602012,awake
7bb78b7d,1787549059.678923,0.46460981538795787,0.028949981823660605,30.0,0.0,0.6778276421655886,0.07950973510742188,-3.3766820617515334,19.98041911526854,-5.442885539914307,awake
7bb78b7d,1787549059.9032,0.41428259048761146,0.0289488013285976,30.0,0.0,0.5936366232186332,0.30379295349121094,-1.6405949956221224,4.844955180756321,-2.816762555522294,awake
7bb78b7d,1787549060.1192858,0.2500602287556996,0.029017113284146124,30.0,0.0,0.6262809781682828,0.519798755645752,-10.89380407882711,0.897492734064846,-5.457257465401993,awake
7bb78b7d,1787549060.3342779,0.24746093375025813,0.028945352901509482,30.0,0.0,0.6374969273303054,0.7348709106445312,-24.46179875932688,-6.33451198164994,-10.843535457608066,awake
7bb78b7d,1787549060.557975,0.20707407666692332,0.03533767386552043,30.0,0.06334829330444336,0.6509894950157004,0.9585421085357666,-24.118308932347702,-7.664255637535193,-11.096688888699356,awake
7bb78b7d,1787549060.766296,0.20743968866881263,0.056114250920542175,30.0,0.27169179916381836,0.6411215990221889,1.1668856143951416,-24.39704315276649,-5.9195640819041495,-9.484435534317146,awake
7bb78b7d,1787549061.0060196,0.24419152323416646,0.05932522850720551,36.0,0.0,0.6315518907592235,1.4065899848937988,-19.788107072211346,-0.04014014618161039,-2.91161496269538,awake
7bb78b7d,1787549061.2312586,0.45211732406546745,0.04315316522725741,36.0,0.0,0.5496438178656394,0.0,-0.25343735517581717,10.006875545276559,7.276800229576268,awake
7bb78b7d,1787549061.4378471,0.3862044535526697,0.043153114810774724,36.0,0.0,0.5733753956496822,0.17557024955749512,12.390295554224084,11.989279547514206,8.217144416452856,awake
7bb78b7d,1787549061.6623855,0.41335328776136093,0.03687821663633652,36.0,0.0,0.5698872301317282,0.4001188278198242,10.224971244743383,6.097842997226897,-1.7486991622429775,awake
5ceac32a,1787549080.6671498,0.4224236261227529,0.0,0.0,0.0,0.4652453769702941,0.0,-4.510682345863769,-0.17642979398044628,-2.1481246301494874,awake
5ceac32a,1787549080.8877115,0.4046480844179877,0.0,0.0,0.0,0.4887922445875736,0.0,-2.428387426517803,1.903797394545107,-3.7617918508987205,awake
5ceac32a,1787549081.1108377,0.33402787488933566,0.0,0.0,0.0,0.5836449840340119,0.06620430946350098,-1.345039503819154,9.017625686768701,-6.5275123804416575,awake
5ceac32a,1787549081.3178086,0.2939606273137362,0.0,0.0,0.0,0.6378335648711753,0.2731747627258301,-7.676857879662891,29.120836630158514,1.2456730386870207,awake
5ceac32a,1787549081.5432434,0.359684808661096,0.0,0.0,0.0,0.5992344816654093,0.4986073970794678,-2.1677283548177875,31.903264187750107,12.3672029481109,awake
5ceac32a,1787549081.74986,0.3773333088140821,0.0,0.0,0.0,0.5951359684329197,0.7052247524261475,-3.5344541880269964,29.987804644401745,10.169913689493761,awake
5ceac32a,1787549081.9771469,0.4097446863477755,0.0,0.0,0.0,0.5226905751512319,0.0,-3.9703069331651446,9.866113192004551,4.4233747075518,awake
5ceac32a,1787549082.1812613,0.39324608330218824,0.0,0.0,0.0,0.6025820500504986,0.11147737503051758,-5.373216452601765,-7.806627576061827,-0.7877491312009678,awake
5ceac32a,1787549082.405792,0.3737374016412154,0.0,0.0,0.0,0.6043376125192272,0.33603549003601074,0.12600300256583502,-2.7285568039486954,0.2212389751441957,awake
5ceac32a,1787549082.6133556,0.38344571910012804,0.0,0.0,0.0,0.5934001262779955,0.5436036586761475,1.9967424509459493,-4.823377186032541,-1.3041174094077803,awake
5ceac32a,1787549082.8381412,0.4366719648668538,0.0,0.0,0.0,0.5762543155577966,0.7683820724487305,7.7635419121937135,-9.172489507423405,-2.1481430023582324,awake
5ceac32a,1787549083.0454912,0.44984871046653874,0.0,0.0,0.0,0.48237849553554024,0.0,6.991140990536893,-8.900566221757865,0.0895624011128943,awake
5ceac32a,1787549083.2699814,0.4931210799934995,0.0,0.0,0.0,0.4639241268847429,0.0,7.4758351045402724,4.820917982979465,-0.04692867720144053,awake
5ceac32a,1787549083.4772012,0.13397931866990104,0.0,0.0,0.0,0.46383231611951214,0.0,6.989860446564064,13.32954320144835,-0.635100398728686,awake
5ceac32a,1787549083.7015772,0.4633432796411733,0.01099121648631001,6.0,0.0,0.46563072926610427,0.0,7.24885712866425,20.78816836202289,-3.3320242726137774,awake
5ceac32a,1787549083.9099324,0.157106267928633,0.023851438720029913,6.0,0.08062005043029785,0.47529131333075003,0.0,4.544455769497859,21.859256763696784,-5.336431286486968,awake
5ceac32a,1787549084.1328266,0.4954780426885811,0.028048562533496316,12.0,0.0,0.47229796510011923,0.0,5.601153389625497,18.941404751395712,-5.537948123870537,awake
5ceac32a,1787549084.3414104,0.47284195561285214,0.027151595019543447,12.0,0.0,0.46634405927546035,0.0,-1.0138948646761512,-5.552161368747416,-2.3483621288502663,awake
5ceac32a,1787549084.5654023,0.492886828618641,0.02625013190568212,12.0,0.0,0.4659170597986115,0.0,2.07874022004426,-13.228262405561251,0.37936302541035594,awake
5ceac32a,1787549084.7730424,0.45125257399070107,0.02546636491642613,12.0,0.0,0.4658476367148969,0.0,2.5161184700893773,-14.875653041259167,0.8879148005251981,awake
5ceac32a,1787549084.9976645,0.4691650059946155,0.024669500143325567,12.0,0.0,0.46839988077935885,0.0,7.8972359632849995,-2.3679736090212895,-0.8439371672948036,awake
5ceac32a,1787549085.2050169,0.5285177091043916,0.0239769581455785,12.0,0.0,0.4616888925255653,0.0,9.457127226626989,3.0227793577368858,-2.1933874392919597,awake
5ceac32a,1787549085.429528,0.532906998264627,0.023269645288695125,12.0,0.0,0.45973707662315566,0.0,11.422671950918563,0.3947087771639307,-0.929667583732362,awake
5ceac32a,1787549085.6378977,0.5111536223372163,0.022649513046126588,12.0,0.0,0.46661185060351545,0.0,5.525354256547996,3.556925351338085,-0.4770684744095707,awake
5ceac32a,1787549085.8616128,0.46282765667689385,0.022019586233016256,12.0,0.0,0.46900927715685303,0.0,-0.2437820901280461,9.412109569724233,-3.9881083143589753,awake
5ceac32a,1787549086.069951,0.42686775453004944,0.021463532556841983,12.0,0.0,0.46969051042404597,0.0,-0.4063916555307414,13.768457475880378,-4.543589576760175,awake
5ceac32a,1787549086.2936502,0.27961324702345747,0.03596464111824326,18.0,0.0,0.48589444152486433,0.0,0.9491321781506236,8.368214283117554,-2.233413926564117,awake
5ceac32a,1787549086.5035179,0.3763271580535503,0.03509561136844361,18.0,0.0,0.47835949503391995,0.0,-0.8975501853992864,8.476417875561918,2.0647629945818338,awake
5ceac32a,1787549086.7257016,0.43211935586551675,0.03422006372141092,18.0,0.0,0.46863680551061854,0.0,-0.3766891562777762,7.893059373014008,-0.7297041726023152,awake
5ceac32a,1787549086.9645884,0.431055243378212,0.03332620604353507,18.0,0.0,0.46705492427471973,0.0,1.8920015182201844,16.097713738013702,-6.1129862771072805,awake
5ceac32a,1787549087.1888626,0.520646780294217,0.03252853301298266,18.0,0.0,0.46793969623340476,0.0,-4.973946569804325,37.607347375492004,-11.417704123708448,awake
5ceac32a,1787549087.396687,0.661767257333463,0.03182274493591241,18.0,0.0,0.48056000040590974,0.0,-8.603643577498987,43.593039689046954,-15.94993026407291,awake
5ceac32a,1787549087.6211789,0.7043154388816335,0.031093904769632495,18.0,0.0,0.4810266097865316,0.0,-9.256743670540656,46.47240158297591,-22.872878437953517,awake
5ceac32a,1787549087.8285503,0.7725498437724382,0.030705290959400913,18.0,0.0,0.4974738255837397,0.0,-10.099267703248874,48.56638059780091,-24.82088619763985,awake
5ceac32a,1787549088.0528908,0.7175596855899147,0.030487812876117737,18.0,0.0,0.4801768008126508,0.0,-9.408325641086385,47.23864047445362,-23.44553605141305,awake
5ceac32a,1787549088.2610068,0.5565048766992062,0.03048055599082479,18.0,0.0,0.468351672432518,0.0,-5.263728703008998,44.12304226290728,-19.688567941400294,awake
5ceac32a,1787549088.4853034,0.5162224930867274,0.030582023722921573,18.0,0.0,0.4627011636524156,0.0,9.787218570280272,28.74247167994483,-8.455550994719935,awake
5ceac32a,1787549088.7242146,0.4515261750707875,0.030494997563749352,18.0,0.0,0.457531430449195,0.0,14.064024572289227,5.679946846308929,-3.3095242378940397,awake
5ceac32a,1787549088.949984,0.4548142605592087,0.030481787157209846,18.0,0.0,0.4630220891863899,0.0,9.071872851448777,-5.174781458101096,-1.6274721505602365,awake
5ceac32a,1787549089.156788,0.4551571849472261,0.030515219978577427,18.0,0.0,0.4651103665863281,0.0,7.873544471582619,-11.170118229120211,0.26915396129935065,awake
5ceac32a,1787549089.3818424,0.6087212029857509,0.030482486364453585,18.0,0.0,0.467861770467761,0.0,2.815152801139045,-49.10686873828448,179.48286906244013,awake
5ceac32a,1787549089.5884347,0.6834324550761179,0.030488947190213774,18.0,0.0,0.4801353997342541,0.0,2.8173852139372637,-52.2656723305647,-178.3050546051786,awake
5ceac32a,1787549089.8144588,0.4647019026220687,0.030520870535503782,18.0,0.0,0.46203714153645004,0.0,-1.5884775616124611,-37.95564094949962,6.966792005781898,awake
5ceac32a,1787549090.0221505,0.44301320993631427,0.03048514684322129,18.0,0.0,0.466576116132634,0.0,2.252764436998571,-12.277908216217467,0.592529238080348,awake
5ceac32a,1787549090.2452607,0.4598139739314553,0.030490266300055864,18.0,0.0,0.4650100259582688,0.0,3.3582335409470954,17.448975256888367,0.3194600123786941,awake
5ceac32a,1787549090.4856036,0.4597755846935271,0.03048331571525591,18.0,0.0,0.4616099132789223,0.0,4.40417826871462,19.70480508611791,3.6495293155717246,awake
5ceac32a,1787549090.7089753,0.46391728175080715,0.030540485219072162,18.0,0.0,0.4652133059592496,0.0,3.608497714200819,13.929085123636987,1.8826331956881976,awake
5ceac32a,1787549090.917458,0.4659214561289103,0.030486475802698285,18.0,0.0,0.4670498341359365,0.0,6.253669184349239,11.89452785201148,0.6356729388862491,awake
5ceac32a,1787549091.1415274,0.5110168207963339,0.03047961197015841,18.0,0.0,0.4581375068483834,0.0,18.564136502633048,7.798936737315856,2.9189617526789573,awake
5ceac32a,1787549091.3632066,0.48790073282245433,0.030537952946212064,18.0,0.0,0.45761198882214243,0.0,18.992215378998054,7.018178897991699,3.2136383139618396,awake
5ceac32a,1787549091.574004,0.4991339490868645,0.0304854303642403,18.0,0.0,0.45812138662718793,0.0,7.022203025417937,11.780722226071351,0.8816422646045028,awake
5ceac32a,1787549091.7814856,0.4366993340972267,0.03048137506151986,18.0,0.0,0.4650519212714446,0.0,-5.822559030710542,4.567919451617224,-0.49732375361261644,awake
5ceac32a,1787549092.0060756,0.3930656077038175,0.03051422282443244,18.0,0.0,0.4642787410457776,0.0,-11.156030988012512,-0.17399907701529027,-0.6272155696855034,awake
5ceac32a,1787549092.244998,0.3646476882547759,0.03048088666624178,18.0,0.0,0.4636143168854055,0.0,-12.652433492968756,-13.790605526074025,3.566236169054142,awake
5ceac32a,1787549092.4694095,0.48101551967978506,0.030575579703189804,18.0,0.0,0.4633966432533198,0.0,-3.5332866748446494,-17.224607790609205,5.5693102806128785,awake
5ceac32a,1787549092.6769993,0.4485442100225977,0.030480185352182068,18.0,0.0,0.46376933422155114,0.0,-1.7486469904881612,-20.170590500929023,4.774431446611754,awake
5ceac32a,1787549092.9018612,0.4611486485271293,0.030577689619443887,18.0,0.0,0.4676798118833086,0.0,-2.2747121618880817,-13.443929707664902,1.226853487392516,awake
5ceac32a,1787549093.1090205,0.4504937603636143,0.030480712969908407,18.0,0.0,0.46703072999506573,0.0,-3.3474270910049073,7.249923498855975,-4.8321878239834595,awake
5ceac32a,1787549093.3334062,0.44685293638424484,0.030478994282357348,18.0,0.0,0.46171516437656906,0.0,-3.9571221772837775,8.200070888294528,-3.3496319345106196,awake
5ceac32a,1787549093.5410748,0.4424672470702025,0.02401483483591316,18.0,0.0,0.46227441688188625,0.0,-3.3264709462897146,5.587758885034365,-1.0757785403782167,awake
5ceac32a,1787549093.7653644,0.4427235337624892,0.024014353291460903,18.0,0.0,0.46365239874644937,0.0,-2.763000537477177,1.0247649488923938,-1.1251495068911643,awake
5ceac32a,1787549094.0108879,0.38014331234532733,0.012803352207421062,18.0,0.0,0.46105919613498625,0.0,-4.841245582714005,-7.731147459482025,-3.5197205747975637,awake
5ceac32a,1787549094.2297058,0.4209518536136956,0.012811178852488062,18.0,0.0,0.46218044857154095,0.0,-7.388090272612786,5.316640900290425,-2.0983540932642395,awake
5ceac32a,1787549094.4527316,0.4163411595727574,0.012792009910943382,18.0,0.0,0.4672396873658043,0.0,-9.058070230742436,4.325960321839362,-8.446439093555112,awake
5ceac32a,1787549094.6622732,0.42874099475903116,0.012809997934230067,18.0,0.0,0.46115279453403324,0.0,-7.194257835167264,-1.7128587696100521,-5.250274205191221,awake
5ceac32a,1787549094.8690076,0.44807520915765314,0.012770884461726941,18.0,0.0,0.4634739203905958,0.0,-6.190371374204864,8.061363988371157,-4.352836484376444,awake
5ceac32a,1787549095.0942972,0.42775041108018186,0.012809309829544748,18.0,0.0,0.46087553190940234,0.0,-4.525254331517794,5.5643024541173025,-7.874691565949536,awake
5ceac32a,1787549095.3009787,0.3711629856350366,0.012771030936212732,18.0,0.0,0.4647008288730129,0.0,-9.098519904903608,8.105430701717312,-8.718261501373021,awake
5ceac32a,1787549095.526074,0.4118406667143104,0.012810933397220524,18.0,0.0,0.4650512418402453,0.0,-8.788952489708688,0.6778584956610842,-4.446837455578211,awake
5ceac32a,1787549095.7335815,0.39914091939713087,0.012809773664030275,18.0,0.0,0.4622663372094056,0.0,-5.301267595012095,0.1698847009758879,-5.968544887419509,awake
5ceac32a,1787549095.9576886,0.39444890319442516,0.012809792352913657,18.0,0.0,0.46483350848284094,0.0,-1.7010664054969649,3.4379260342276416,-3.586102666902988,awake
5ceac32a,1787549096.1977105,0.44424561502574017,0.0,18.0,0.0,0.46696450104361087,0.0,4.37616038670536,9.787896815068805,3.703626669154143,awake
5ceac32a,1787549096.420832,0.4231985785772492,0.0,18.0,0.0,0.47722007769725644,0.0,8.174143261754178,9.667927734928586,3.430049972882258,awake
5ceac32a,1787549096.6421607,0.4087126022166123,0.0,18.0,0.0,0.4874555086984247,0.0,9.682710744969613,6.767818347488336,-2.4771735526399237,awake
5ceac32a,1787549096.8535395,0.40748560739165385,0.0,18.0,0.0,0.4841631091952914,0.0,6.886668024845563,4.706862067741788,-3.324656186581402,awake
f4e13d90,1787549111.276496,0.42980042723689893,0.0,0.0,0.0,0.4603639407316112,0.0,-0.19524410328302055,5.675445779310394,-1.1264258672816987,drowsy
f4e13d90,1787549111.4873881,0.4162337691701347,0.0,0.0,0.0,0.4589652046239858,0.0,-1.0811704392656392,6.097322638749286,0.8183549450706584,drowsy
f4e13d90,1787549111.6959414,0.41543585937682836,0.0,0.0,0.0,0.46186750254654535,0.0,-0.6589095460127051,7.298021983929056,0.40550223793213824,drowsy
f4e13d90,1787549111.9210532,0.08638756391433625,0.01919371671232636,0.0,0.06460690498352051,0.46721899887147283,0.0,-3.991995592843455,4.9481953675084585,0.5025492179186265,drowsy
f4e13d90,1787549112.129727,0.061792026833066074,0.07644803368510242,0.0,0.27328014373779297,0.5126963009073674,0.0,-5.281482968316755,4.384841772565714,-0.2430160627958725,drowsy
f4e13d90,1787549112.3529556,0.0671944302108446,0.13073037696237597,0.0,0.4965066909790039,0.6132418897287991,0.09647417068481445,-6.5939117204945825,5.772353865087099,-2.198398522589445,drowsy
f4e13d90,1787549112.5619142,0.0776403559953251,0.17606244326487752,0.0,0.7054650783538818,0.6640410611511924,0.3054325580596924,-9.343834684925874,6.64103984221846,-2.988984498666624,drowsy
f4e13d90,1787549112.7840533,0.1264403485009613,0.21933921364477607,0.0,0.9275920391082764,0.6998706224744844,0.5275595188140869,-13.358589829760389,5.932741981821455,-2.927504176137062,drowsy
f4e13d90,1787549112.992087,0.11235309722951764,0.2559417401492659,0.0,1.1356310844421387,0.7880021866859843,0.7355985641479492,-15.292697650121104,6.527938014527424,-2.689668835900972,drowsy
f4e13d90,1787549113.2164128,0.12465426862580177,0.2917480083145451,0.0,1.3599507808685303,0.7701231199881564,0.9599182605743408,-15.091889588611664,1.4108158682318388,-1.8813551254291703,drowsy
f4e13d90,1787549113.4244504,0.15218906401967763,0.3220076852198351,0.0,1.5679945945739746,0.5487928276539423,0.0,-14.32668262853391,0.3174619466727509,-1.1724481206737918,drowsy
f4e13d90,1787549113.6490545,0.1708460223546937,0.35187498844492165,0.0,1.7923908233642578,0.5603497500365823,0.0,-10.361422180312866,0.6333013957634034,-1.0849431594748096,drowsy
f4e13d90,1787549113.8561277,0.15733492877038713,0.37721784546006554,0.0,1.999673843383789,0.6128861539087552,0.20728302001953125,-7.563572269324291,-1.5882658143445498,-1.043590843692771,drowsy
f4e13d90,1787549114.0797386,0.1291155016333333,0.4024243117335963,0.0,2.223281145095825,0.5507811585610471,0.4308903217315674,-2.282929606265196,-0.7536974045857214,-1.7384180549384367,drowsy
f4e13d90,1787549114.288008,0.27573934132444156,0.4129494841116365,0.0,0.0,0.4660744680497837,0.0,3.0536576585032655,3.820413970256212,-1.62146947377188,drowsy
f4e13d90,1787549114.5108597,0.3671512248744529,0.39749821811690234,0.0,0.0,0.465192501129542,0.0,6.249248140570266,1.682594724205073,-0.8402621285453862,drowsy
f4e13d90,1787549114.7192779,0.05091327292350113,0.4125046422775592,0.0,0.17534947395324707,0.46462379999666326,0.0,4.42395195332477,0.4093563197894549,0.14679826488494502,drowsy
f4e13d90,1787549114.9444227,0.11381632430164354,0.43320570075197784,0.0,0.40048694610595703,0.4620463016929219,0.0,1.4377723657293497,1.5221870739674248,1.9033539583555479,drowsy
f4e13d90,1787549115.1510632,0.07962972366981662,0.4509619670321015,0.0,0.6071243286132812,0.46077201815919233,0.0,1.6935473040569984,1.4445794698361032,1.1168916592818323,drowsy
f4e13d90,1787549115.375916,0.09663054052597003,0.4690617704082433,0.0,0.8319845199584961,0.46160057553884526,0.0,5.910135335921857,2.858716299410912,0.4698508317129305,drowsy
f4e13d90,1787549115.5857534,0.11016153413941346,0.4849065919068689,0.0,1.0418024063110352,0.4572762268769147,0.0,13.012385068150019,1.9269605102314147,1.0562499091985094,drowsy
f4e13d90,1787549115.8102088,0.16539614568837174,0.5008418898134191,0.0,1.2662532329559326,0.4437729024607421,0.0,14.517582361163914,7.468393247343203,2.8742327461498234,drowsy
f4e13d90,1787549116.0180526,0.1605487458636845,0.5147447482598345,0.0,1.4741179943084717,0.448671750917229,0.0,15.611088641539762,8.99083924974056,-1.4063742812164546,drowsy
f4e13d90,1787549116.240364,0.31661140356689,0.5203719595886119,0.0,0.0,0.4556286921436619,0.0,12.64659951047708,3.9446856643515726,0.9111564088060222,drowsy
f4e13d90,1787549116.4468436,0.32040419022707933,0.5067571415377886,0.0,0.0,0.4607875230022985,0.0,4.4562827229417605,6.904472781062757,-0.835671871730602,drowsy
f4e13d90,1787549116.6718934,0.3644990354565059,0.49270659868787775,0.0,0.0,0.4619768002933246,0.0,-0.9202739107197946,4.147134867687195,-2.591587188314453,drowsy
f4e13d90,1787549116.8795884,0.380074747232407,0.48041519815988104,0.0,0.0,0.45938147577622684,0.0,-9.180552471874273,-0.6257998283149071,-1.865368101311585,drowsy
f4e13d90,1787549117.1032696,0.31407273820265774,0.46784287122940815,0.0,0.0,0.464634470590705,0.0,-18.049916221423786,-2.8710322778164254,-0.202412793884754,drowsy
f4e13d90,1787549117.3109994,0.3006676202996835,0.45674446049312645,0.0,0.0,0.46995592335881287,0.0,-23.65546175622977,-3.2027603847424793,0.726417668742458,drowsy
f4e13d90,1787549117.5348246,0.29632771361831356,0.4453607683562298,0.0,0.0,0.46429095536948156,0.0,-23.85702818978525,-1.2635062828897061,1.6739468402648483,drowsy
f4e13d90,1787549117.7440958,0.1662254320318583,0.43868606780900016,0.0,0.0318295955657959,0.4710349577665718,0.0,-20.708555254689756,1.5035263508279688,0.7752318571331207,drowsy
f4e13d90,1787549117.967382,0.10968780470411163,0.4520094697264259,0.0,0.25524187088012695,0.4571924789993018,0.0,-16.43515399393256,1.7810912444024833,-1.6392245708326663,drowsy
f4e13d90,1787549118.174866,0.13009743964208245,0.4638286541266954,0.0,0.4627244472503662,0.4640661859770614,0.0,-14.026256087455968,0.4980561744949492,-3.623970651331779,drowsy
f4e13d90,1787549118.4000444,0.42864043873215507,0.45984026873801126,6.0,0.0,0.460442349034788,0.0,-3.683280841545925,7.177576239283901,-3.7765692398882877,drowsy
f4e13d90,1787549118.6070051,0.4536460253132878,0.4561396951084943,6.0,0.0,0.46290367019249057,0.0,-1.3567047185455765,7.821720773852136,-2.235158060129855,drowsy
f4e13d90,1787549118.8314228,0.12366860797722767,0.462759620683029,6.0,0.09545373916625977,0.46372212932914003,0.0,-2.01913317964167,5.429207470344849,-1.9617201076988007,drowsy
f4e13d90,1787549119.0396256,0.230751694954122,0.4846243835650055,12.0,0.0,0.4598945474655232,0.0,0.5714611393730472,7.103992709648304,-2.5344060373280284,drowsy
f4e13d90,1787549119.2636642,0.4084362846288334,0.4831040597628186,12.0,0.0,0.4590862121035509,0.0,3.657803133882293,8.585133544366101,-4.434150119691476,drowsy
f4e13d90,1787549119.4725802,0.37813935806917187,0.48457820804021473,12.0,0.0,0.45798396328788915,0.0,4.797304887404513,8.497611357106235,-5.73314692833415,drowsy
f4e13d90,1787549119.6953814,0.14199950719909077,0.49275799221309174,12.0,0.0963139533996582,0.46080219663531274,0.0,3.6974045820730725,6.66451067257552,-8.888332656188318,drowsy
f4e13d90,1787549119.9034598,0.07617900351836793,0.5136254670088889,12.0,0.30439305305480957,0.46366517449226524,0.0,1.5454750045082462,5.528007133066879,-14.920579176117924,drowsy
f4e13d90,1787549120.1273987,0.1159902883742911,0.5359516342000897,12.0,0.5282754898071289,0.46383490880628025,0.0,3.8096131533441127,5.69352540782322,-16.72317659697346,drowsy
f4e13d90,1787549120.3512962,0.09956371513453718,0.5585802763941093,12.0,0.7521429061889648,0.46204885716194943,0.0,3.8177698443140757,5.667711348302716,-20.829966418380653,drowsy
f4e13d90,1787549120.5671577,0.10692934069545523,0.5814521998820268,12.0,0.9680542945861816,0.4607858672416311,0.0,4.329716633734007,7.701268073180486,-21.82298337181111,drowsy
f4e13d90,1787549120.772806,0.08987156446108546,0.6022534546936937,12.0,1.1736552715301514,0.4601730579184732,0.0,1.9532889283631771,7.207954081530741,-22.76304328989257,drowsy
f4e13d90,1787549120.99611,0.07673540455143249,0.6228495830266066,12.0,1.3968913555145264,0.45924849254457334,0.0,-1.4269420533959332,11.168675848621476,-20.800324491753575,drowsy
f4e13d90,1787549121.2029438,0.09663184668018472,0.6453909431826625,12.0,1.603715181350708,0.4627731310577112,0.0,-5.0666930743613685,11.77267640554141,-18.54538290945449,drowsy
f4e13d90,1787549121.424486,0.1012036572633287,0.6676585519331276,12.0,1.8253202438354492,0.4647025725988179,0.0,-8.507929333615646,10.070234704992043,-14.820531188195117,drowsy
f4e13d90,1787549121.6628082,0.09848374701997437,0.6895260767032876,12.0,2.063725709915161,0.4612061412829542,0.0,-9.83780659538032,8.306752186389591,-10.151199040473212,drowsy
f4e13d90,1787549121.8874922,0.13170955560624642,0.708681838951357,12.0,2.2884252071380615,0.45659631231869013,0.0,-11.504185466377029,4.780321584886827,-3.3945795797975933,drowsy
f4e13d90,1787549122.1075077,0.13308918486766774,0.7081670154456725,12.0,2.5083537101745605,0.4588226386705597,0.0,-10.86346853353918,5.953510165553529,0.27209651110014527,drowsy
f4e13d90,1787549122.3212376,0.17295481404526591,0.7078914657670381,12.0,2.722168207168579,0.4605427340770499,0.0,-10.349924119802923,3.26134109293746,5.086467632872309,drowsy
f4e13d90,1787549122.5270112,0.1634973558867762,0.7087329803774781,12.0,2.927931308746338,0.46217665136790564,0.0,-8.222652561608967,2.0783859639653506,6.482201773457511,drowsy
f4e13d90,1787549122.752673,0.3592826277688571,0.6917583851691826,12.0,0.0,0.4620271700881492,0.0,-3.307513251695984,1.1489922912130703,6.422109613391227,drowsy
15cd258a,1787549136.7462244,0.427790771049414,0.0,0.0,0.0,0.4572147231411514,0.0,-0.07747574970453643,6.958349222206475,-2.424333100161498,drowsy
15cd258a,1787549136.9529095,0.421672546527435,0.0,0.0,0.0,0.4585635085308422,0.0,1.1913902349000247,7.903478895587328,-2.3595916249426265,drowsy
15cd258a,1787549137.160004,0.1214369118252496,0.0,0.0,0.0,0.4598588692497046,0.0,0.13692780503154314,5.8990825054846034,-1.7583856617319622,drowsy
15cd258a,1787549137.386952,0.22716791387139385,0.14070669977210815,6.0,0.0,0.6645261794277241,0.09009838104248047,-5.6042877727717215,7.372086237945317,-2.5603106056945677,drowsy
15cd258a,1787549137.6286743,0.23713183471559057,0.1858289607024354,24.0,0.0,0.7134517715537347,0.3318138122558594,-10.127579219602024,4.671974236625394,-2.6636783165414473,drowsy
15cd258a,1787549137.8501034,0.26973042957315874,0.16600818429865513,24.0,0.0,0.7557146496804129,0.5532498359680176,-13.738200090692983,-2.709297625221731,-1.5161784093762987,drowsy
15cd258a,1787549138.0619724,0.2816273101237589,0.16480392553259335,30.0,0.0,0.8356232061170416,0.7651093006134033,-14.0471570151224,-17.746719825245037,2.6886523259259434,drowsy
15cd258a,1787549138.2815394,0.2817243585190915,0.15037259409792084,30.0,0.0,0.9407426316832883,0.984682559967041,-10.736502642240753,-26.40449816589331,3.5542746310802054,drowsy
15cd258a,1787549138.4892645,0.39453907206301675,0.13886874177456252,30.0,0.0,0.8194050907873648,1.1924030780792236,-6.114085640936976,-32.19247775113315,3.262364405029327,drowsy
15cd258a,1787549138.7131448,0.26102612424376814,0.1282905325075149,30.0,0.0,0.6509611468438357,1.4162867069244385,1.8710477963198824,5.386876872550855,-4.089256730521636,drowsy
15cd258a,1787549138.9217708,0.33571175990636026,0.1197878463697958,30.0,0.0,0.5347438554626536,0.0,3.9513276027512485,11.382081977139645,-4.3631214177304,drowsy
15cd258a,1787549139.1448581,0.3244950778483864,0.11186005122857913,30.0,0.0,0.4724864800644782,0.0,5.4422277238202215,17.61757822560423,-3.34383785604139,drowsy
15cd258a,1787549139.3837595,0.37946797412683186,0.10445675321991327,30.0,0.0,0.45839823548994674,0.0,4.176106380152272,20.0951266345099,-2.701490646990991,drowsy
15cd258a,1787549139.6084547,0.3936249147932347,0.09833788149921525,30.0,0.0,0.46100227277451417,0.0,7.141888165078421,18.13603374279623,1.9645799498197358,drowsy
15cd258a,1787549139.815832,0.4187302906107282,0.0932903613684584,30.0,0.0,0.45421367680809727,0.0,7.204316612261721,10.5679394842191,8.000794540277399,drowsy
15cd258a,1787549140.040914,0.12623539757543162,0.13354045753027305,30.0,0.1927189826965332,0.46557463875329896,0.0,7.132301977640462,5.71229770640291,12.413813381182907,drowsy
15cd258a,1787549140.263829,0.12385180795292547,0.17658575570589546,30.0,0.4157679080963135,0.45853772132887805,0.0,-2.047754750619618,5.668125217201404,10.595280701870205,drowsy
15cd258a,1787549140.4730275,0.11538949554246788,0.21324609620249466,30.0,0.6249768733978271,0.46922747375539,0.0,-5.830160966341379,8.260583473110154,4.491308090277795,drowsy
15cd258a,1787549140.6805222,0.17690626627970313,0.24651951145094253,30.0,0.8324813842773438,0.4598005860938539,0.0,-13.197983664579528,4.818622494908364,3.769919493769282,drowsy
15cd258a,1787549140.9048812,0.1649536456900707,0.2794666023055146,30.0,1.0568344593048096,0.4611928912093841,0.0,-17.00475985288532,2.7301442824259263,2.9084342344574563,drowsy
15cd258a,1787549141.143718,0.21325699849938526,0.2939312277714262,36.0,0.0,0.45890818648756143,0.0,-22.292715996326685,-1.4553073424767844,-0.5804434394257494,drowsy
15cd258a,1787549141.3723462,0.22072038396852187,0.28774799530355455,42.0,0.0,0.4629351849467693,0.0,-24.309342058913625,-3.203186100621874,-1.6056811207511525,drowsy
15cd258a,1787549141.5755386,0.19609949742089922,0.27766798240293156,42.0,0.0,0.4638047774223058,0.0,-26.916332457499134,-0.7892045944931533,-0.857006434466043,drowsy
15cd258a,1787549141.8011413,0.23543248866019437,0.2938963905776474,48.0,0.0,0.4786984016153249,0.0,-24.18244154557919,-1.2499080578854844,-0.47006281798078436,drowsy
15cd258a,1787549142.0085537,0.2100312856421007,0.2917715768187061,54.0,0.0,0.4613340484531429,0.0,-15.484350416315,0.6291378612031285,0.24784556028423574,drowsy
15cd258a,1787549142.2335267,0.3612166546297406,0.30142197731087367,60.0,0.0,0.4616914513445412,0.0,-4.718468635102524,8.694374004600641,0.5609281858116738,drowsy
15cd258a,1787549142.4410708,0.4751151244690547,0.2920388591300213,60.0,0.0,0.4604599432300995,0.0,1.7191308940949233,9.923620200883754,2.2514774232920747,drowsy
15cd258a,1787549142.6804404,0.1701016766617574,0.2933935389437782,60.0,0.07925724983215332,0.45682483910739696,0.0,6.8655566200588725,4.104086055391214,3.574769881788899,drowsy
15cd258a,1787549142.907199,0.09104733214522778,0.3158519983247717,60.0,0.3059718608856201,0.45682825775462865,0.0,20.890061951166132,2.676885816650347,4.886210690093413,drowsy
15cd258a,1787549143.1280365,0.24651741220093565,0.3364009964739554,66.0,0.0,0.456237122116253,0.0,19.75712208668176,14.730299373647142,2.291626026927317,drowsy
15cd258a,1787549143.3374565,0.18645221206251333,0.34507759800273097,72.0,0.0,0.45590466431265725,0.0,45.72072747630934,18.955767888780414,-171.267070258859,drowsy
15cd258a,1787549143.5604339,0.1805028230360968,0.3638365964137873,72.0,0.22302532196044922,0.4561265529855459,0.0,46.53862855807533,18.16933881291893,-171.29362771914276,drowsy
15cd258a,1787549143.7682018,0.1765936833069634,0.3803703298536012,72.0,0.43079066276550293,0.45896527199843185,0.0,48.4624720555124,19.74339871710186,-171.59030411269288,drowsy
15cd258a,1787549143.9930806,0.13001419255395189,0.39732445876159694,72.0,0.6556768417358398,0.4621529842955756,0.0,45.68827449870894,16.885757339477685,-171.96334609299882,drowsy
15cd258a,1787549144.2007308,0.17198250930352044,0.4064669287386423,78.0,0.0,0.45988281459164193,0.0,20.120892036978407,9.15952702676556,4.235712592965554,drowsy
15cd258a,1787549144.426206,0.13812535999329795,0.4219342364532902,78.0,0.22547221183776855,0.45877488321977505,0.0,16.672292465746718,9.330993742686422,6.8038163038596355,drowsy
15cd258a,1787549144.6472814,0.14979307865925895,0.43633363959341515,78.0,0.4464993476867676,0.45976670277802906,0.0,17.802421862543188,1.9143859714294207,9.770300115994292,drowsy
15cd258a,1787549144.8566654,0.17388204801171178,0.449331012058331,78.0,0.6559314727783203,0.4567587799472246,0.0,14.227076636862396,2.701319361722078,14.579503477762454,drowsy
15cd258a,1787549145.0961702,0.16383165610553013,0.4634786948993826,78.0,0.8954329490661621,0.4534056795201136,0.0,14.100282272532327,-2.257483914122623,25.378159043544983,drowsy
15cd258a,1787549145.3205118,0.15762592685875282,0.47608599885201464,78.0,1.1197569370269775,0.45296984559019543,0.0,9.481491543172282,-11.436299569348757,33.94209082478509,drowsy
15cd258a,1787549145.5278347,0.17041262654917536,0.48721882379099096,78.0,1.3270161151885986,0.4539504497698041,0.0,8.604888748830756,-8.013856900527477,31.30928105554576,drowsy
15cd258a,1787549145.752528,0.20471888350497014,0.49549433804330356,78.0,0.06355977058410645,0.4544798580611912,0.0,9.825958099147249,-6.507580583139514,28.4933428830844,drowsy
15cd258a,1787549145.9600637,0.24160092450577145,0.5090784887159026,96.0,0.0,0.4506917595546732,0.0,12.143055129263399,-6.687146965963361,27.336800102270452,drowsy
15cd258a,1787549146.1854835,0.32091607734145544,0.5091567796925582,96.0,0.0,0.4519587637073672,0.0,10.703704225833977,-7.78109790627626,26.44868128795122,drowsy
15cd258a,1787549146.3918598,0.420513993371842,0.5090321886158332,96.0,0.0,0.4522509874305228,0.0,11.598031844164698,-8.771089801475208,24.508608734802,drowsy
15cd258a,1787549146.617162,0.12699003858996966,0.5186361558077152,96.0,0.0957479476928711,0.45631678107391876,0.0,12.032877713887181,-1.9070099973511665,19.517210328863097,drowsy
15cd258a,1787549146.856149,0.12333272790963676,0.54243885891939,96.0,0.33487868309020996,0.45958902439690624,0.0,9.366812963927044,-2.2559344043771343,15.32892521254146,drowsy
15cd258a,1787549147.08052,0.13594853389743494,0.5647584345787334,96.0,0.5592508316040039,0.4614578926191339,0.0,2.3849132404875784,1.1799746540169591,14.575986484848434,drowsy
15cd258a,1787549147.2883022,0.17259389833114003,0.5723194765015529,96.0,0.7670319080352783,0.46092811652745663,0.0,-1.5225482989961592,5.333141211056835,14.80476829867904,drowsy
15cd258a,1787549147.5136566,0.12405057053737711,0.5822096874065165,96.0,0.992389440536499,0.46067166418790323,0.0,-1.0620560063306115,6.38300209023754,17.337952921186524,drowsy
15cd258a,1787549147.719683,0.1302226107510041,0.5944059234793679,96.0,1.198392391204834,0.4587271944526921,0.0,-1.308625567408797,0.870406865845431,20.334228765938555,drowsy
15cd258a,1787549147.944804,0.12067641566168272,0.6135569480471742,96.0,1.4235327243804932,0.46489083330154307,0.0,-3.7658505733397565,0.37982260458530626,18.99729361535228,drowsy
15cd258a,1787549148.1665304,0.14018896646748547,0.636804487558069,96.0,1.6451761722564697,0.462213381088615,0.0,-5.776457921419024,1.0618420633252839,15.053399790291035,drowsy
15cd258a,1787549148.377398,0.12034471823838858,0.6587954104564901,96.0,1.8561198711395264,0.6144905475281357,0.03201413154602051,-8.713784718776441,1.912343327248725,11.058299848462257,drowsy
15cd258a,1787549148.6301467,0.11310284555354626,0.6834081948709659,96.0,2.108820676803589,0.595282102458143,0.284714937210083,-10.599643735104006,1.7731359969193818,7.48648066574426,drowsy
15cd258a,1787549148.8416963,0.131111737382271,0.7031482388048841,96.0,2.320427656173706,0.6012754241837723,0.4963219165802002,-10.266703229002633,4.366953504619932,3.764930338487786,drowsy
15cd258a,1787549149.0499887,0.18409188328295747,0.7262300866923422,96.0,2.5287179946899414,0.6111499008621866,0.7046122550964355,-12.362858533303815,-3.0977612896533526,5.396227244608772,drowsy
15cd258a,1787549149.273449,0.13630072470055685,0.7486186554409143,96.0,2.752181053161621,0.7270011309329428,0.9280753135681152,-13.82476070151512,-9.722381457701838,3.8843303439528407,drowsy
15cd258a,1787549149.4907181,0.21151043309784862,0.7575961353970314,96.0,0.0,0.4620618724024884,0.0,-8.748908787254859,-19.681380331622595,4.145337200146019,drowsy
15cd258a,1787549149.7048965,0.27188222816186547,0.7583177594237004,96.0,0.0,0.4654173404591169,0.0,-1.6536796219304153,-7.807261283166064,1.6146426960694427,drowsy
15cd258a,1787549149.913183,0.311764927867971,0.7485420415964222,96.0,0.0,0.4582909223559243,0.0,-3.4960819482232526,0.47879232176951914,0.0591058299311789,drowsy
15cd258a,1787549150.137339,0.15931318591120514,0.7293052504131605,96.0,0.032576799392700195,0.48416006476108675,0.0,-10.623452731249687,-15.11441372906479,1.9661762772460225,drowsy
15cd258a,1787549150.384489,0.1684433548820161,0.729521794428157,96.0,0.27962708473205566,0.46892485665454753,0.0,-7.418764187937673,-11.909211692967931,-0.24805008902132447,drowsy
15cd258a,1787549150.601253,0.1567934792642613,0.7301667021877041,96.0,0.49649477005004883,0.4641967371016141,0.0,-3.5536695027703384,-5.42466452211546,-1.8530434026348033,drowsy
15cd258a,1787549150.8226757,0.17425835040691132,0.7296251180202945,96.0,0.7178754806518555,0.4659656398136914,0.0,-2.136199658949815,-1.1677363940974579,-1.305985444366636,drowsy
15cd258a,1787549151.0327346,0.1347442678444439,0.7333494148253124,96.0,0.9279541969299316,0.4653006588358013,0.0,-1.8147981991924775,4.299125038357155,0.7748208813323991,drowsy
15cd258a,1787549151.2401931,0.14005239025459837,0.7460227778162836,96.0,1.135420322418213,0.4648871341038064,0.0,-1.1089860612462317,4.972343408665589,4.285324434302159,drowsy
15cd258a,1787549151.4643161,0.2761038584983898,0.7622151175539348,96.0,0.0,0.46575851040706573,0.0,-1.2995133521014643,7.390899230774496,4.114700208802495,drowsy
15cd258a,1787549151.672149,0.40061599084925015,0.752379059536249,96.0,0.0,0.46329073220133976,0.0,4.208771582224577,4.828156148411949,2.06469336792264,drowsy
15cd258a,1787549151.896828,0.4191485619353874,0.7485300424158676,96.0,0.0,0.46059463928590083,0.0,5.845132302149875,5.074945160144359,-1.363012494951207,drowsy
15cd258a,1787549152.1357536,0.4005282449576333,0.7316462318862698,96.0,0.0,0.46034689712264143,0.0,4.677218904947003,6.42049835521169,-3.3340364000905542,drowsy
15cd258a,1787549152.3610015,0.2422422754925922,0.7307186335109296,96.0,0.0,0.4589379003590333,0.0,3.653342273823993,7.100992581069598,-4.522708482785272,drowsy
15cd258a,1787549152.5682218,0.13338744543482017,0.7452031878432016,96.0,0.14321184158325195,0.45793536894825976,0.0,3.9347589237474105,6.756015387053054,-5.197034309061424,drowsy
15cd258a,1787549152.792946,0.10472183321376657,0.7452435360076718,96.0,0.3679521083831787,0.45934313272654204,0.0,3.4499665251189175,6.970474715079117,-5.80709754125212,drowsy
15cd258a,1787549153.0000868,0.10220757901683067,0.7458890705577867,96.0,0.5750787258148193,0.4596880625191902,0.0,5.986097430648818,6.271331546420236,-5.137942080378294,drowsy
15cd258a,1787549153.2245142,0.0798918749690157,0.7484941842861698,96.0,0.7995178699493408,0.4563342788602158,0.0,3.4010454287583265,7.857177663981542,-6.901349882990851,drowsy
15cd258a,1787549153.432247,0.09413799422902533,0.7533448837365125,96.0,1.0072431564331055,0.4588734897807747,0.0,1.5541412610086605,9.155000550151595,-6.8487706434893605,drowsy
15cd258a,1787549153.6574748,0.07334199336171349,0.7526035544309945,96.0,1.2324671745300293,0.4620871600834431,0.0,-0.5843495332538189,8.691357464088371,-6.924689380363085,drowsy
15cd258a,1787549153.896898,0.12701744159122808,0.7525899153639407,96.0,1.4719040393829346,0.46271482950109455,0.0,-2.089402213234985,8.53583829352568,-6.389798875900665,drowsy
15cd258a,1787549154.121665,0.16086398314357464,0.752608696057705,96.0,1.6966702938079834,0.4637401044982167,0.0,-3.592401254214708,7.222928061571518,-5.560371658307178,drowsy
15cd258a,1787549154.329105,0.19437219318130378,0.7574231517208205,96.0,1.9040937423706055,0.463445508777976,0.0,-3.444659075173834,6.656103621907994,-4.7897240904828235,drowsy
15cd258a,1787549154.5540981,0.3313792998121663,0.7444747584198886,96.0,0.0,0.4621179148733004,0.0,-1.9148300999469452,9.309139634846586,-4.862447555267771,drowsy
15cd258a,1787549154.7605374,0.40198776101564926,0.7237262293679783,96.0,0.0,0.4615936586811303,0.0,-0.10550282406451161,10.214893216628363,-4.660022919098856,drowsy
15cd258a,1787549154.9855263,0.4350501204737128,0.7011355105518143,96.0,0.0,0.4608227069875552,0.0,0.4730563602013789,8.929358964392852,-3.9006327592857333,drowsy
15cd258a,1787549155.1940134,0.4318001932374569,0.6801943748706268,96.0,0.0,0.46006529160841253,0.0,0.8057429796544202,8.600564227605648,-3.511372663003475,drowsy
839572e9,1787549166.5980954,0.4473973454298329,0.0,0.0,0.0,0.46048070217841436,0.0,-0.5442096737215464,5.828809402258524,-3.758157611273266,drowsy
839572e9,1787549166.811521,0.44924401513190404,0.0,0.0,0.0,0.4605476489847539,0.0,-0.9010784441242871,5.816206073647773,-3.797593417861525,drowsy
839572e9,1787549167.0282362,0.11683205250201485,0.019306174529279067,0.0,0.032506465911865234,0.46853754723835145,0.0,-2.7978383002396257,3.2749887928695194,-3.325802542831488,drowsy
839572e9,1787549167.2363055,0.11098165949764499,0.12716666044932243,0.0,0.24057412147521973,0.47739683766359364,0.0,-2.679939827427761,4.045855557900621,-3.0103582726364078,drowsy
839572e9,1787549167.4625947,0.08241547095739113,0.22041792774547475,0.0,0.46686577796936035,0.6267822406570721,0.19347715377807617,-4.532088963504742,5.672810617993191,-3.4396537654332673,drowsy
839572e9,1787549167.6683228,0.06598208800503425,0.2894334982900032,0.0,0.672590970993042,0.6402149055932936,0.3992023468017578,-7.529569283212528,5.5016014694771584,-3.641909517767795,drowsy
839572e9,1787549167.8948872,0.08084370583732113,0.3525571080866524,0.0,0.899155855178833,0.7238554560368141,0.6257672309875488,-9.991761510656266,5.291270912365839,-3.9701224795381167,drowsy
839572e9,1787549168.0995817,0.11441051766358101,0.40065992086280383,0.0,1.1038486957550049,0.7614837465851089,0.8304600715637207,-12.76386864003321,-0.05766115976821761,-3.434223508748214,drowsy
839572e9,1787549168.3245628,0.10672463069139826,0.4459072063614636,0.0,1.3288285732269287,0.6072297758794675,1.0554399490356445,-14.231851656708535,-2.5866384405350056,-1.517805396614994,drowsy
839572e9,1787549168.531842,0.11278425609480694,0.48194045781324485,0.0,1.5361042022705078,0.5875413729600508,0.04815077781677246,-11.879126945740438,-2.7411579111617685,-1.6999749822652828,drowsy
839572e9,1787549168.755862,0.12611944455027602,0.5159605617379696,0.0,1.7601218223571777,0.5537314414773336,0.2721683979034424,-9.147736777836613,-2.500563841899869,-1.5938331165455706,drowsy
839572e9,1787549168.9958842,0.170715456982403,0.5477785011811659,0.0,2.0001416206359863,0.4716592801275015,0.0,-6.297166044638112,0.191458190046403,-2.675713680660817,drowsy
839572e9,1787549169.219542,0.20811781947876412,0.5738801014479922,0.0,2.2238030433654785,0.4600976169300788,0.0,-4.7321915779888215,2.605574494593276,-2.7302854618268744,drowsy
839572e9,1787549169.4338913,0.2101502617593341,0.5962100095942925,0.0,0.0,0.4626741968957095,0.0,-2.187327249748695,4.958148424272735,-0.2892345053149161,drowsy
839572e9,1787549169.6518307,0.18759335404202943,0.6053125289560094,0.0,0.16917777061462402,0.4630038024842779,0.0,-1.522626745112727,4.385749312327008,0.6438237845950081,drowsy
839572e9,1787549169.8735807,0.2659807739471644,0.6037932064814565,12.0,0.0,0.4621391000966712,0.0,2.131246056405921,5.796884454627341,1.3042543917772806,drowsy
839572e9,1787549170.0838752,0.3658161735273315,0.5838766346389752,18.0,0.0,0.4605435130218446,0.0,3.655734689270589,7.345769040897483,1.0433696696185901,drowsy
839572e9,1787549170.2929478,0.3883946866204424,0.5592086647021467,18.0,0.0,0.462565085949677,0.0,3.766591158359809,6.975898389299922,-1.280265382051699,drowsy
839572e9,1787549170.515514,0.11485080262445072,0.5659364721048802,18.0,0.159254789352417,0.46144846091711633,0.0,0.7316593503466581,3.7904498863416762,-4.293372058342729,drowsy
839572e9,1787549170.7549968,0.0892497962924601,0.5851484473997358,18.0,0.398726224899292,0.46193057092653117,0.0,-0.8269648533141903,4.127692895146925,-4.5606914545564905,drowsy
839572e9,1787549170.9800892,0.06106396464774958,0.5903777168071814,24.0,0.06477475166320801,0.4606643327978995,0.0,-1.4684789960088867,5.436968995073485,-3.032533379660577,drowsy
839572e9,1787549171.1875405,0.13917462625810617,0.6049204366839204,24.0,0.2722175121307373,0.46046535516588505,0.0,-0.543265271889362,9.336422352117639,-2.9476598172902007,drowsy
839572e9,1787549171.4142427,0.12234768586880185,0.6196703121278151,24.0,0.49881982803344727,0.4640263344701069,0.0,-2.838521746533574,8.340296308899765,-1.1830162345716604,drowsy
839572e9,1787549171.6189644,0.09142900565695597,0.6320864557394293,24.0,0.7036535739898682,0.46129122397831995,0.0,1.2606364711550202,11.214182261991484,0.03301463208194955,drowsy
839572e9,1787549171.843555,0.13100509018882878,0.6448000441397672,24.0,0.9282331466674805,0.45402211552205624,0.0,11.141696826587065,7.685943130694949,2.4508815434882685,drowsy
839572e9,1787549172.050832,0.10124973877580126,0.6557789795098798,24.0,1.1355195045471191,0.45504653104815446,0.0,17.867633086376102,7.36790534877683,3.4525340194963063,drowsy
839572e9,1787549172.2764857,0.148644392893836,0.6669800239220955,24.0,1.3610844612121582,0.4567619329496482,0.0,18.875709592760497,11.672736040171127,1.8896484979780814,drowsy
839572e9,1787549172.5151832,0.15836554785122398,0.6780691439533802,24.0,1.5998573303222656,0.45919335259872474,0.0,14.295383816422156,14.606910268321952,0.26745974460491245,drowsy
839572e9,1787549172.7403815,0.13951915576179325,0.6878721576497779,24.0,1.825066089630127,0.45468672962388845,0.0,11.462748597257896,4.954890090450529,1.2881866311873975,drowsy
839572e9,1787549172.9470735,0.15295205480303165,0.6963579568290599,24.0,2.0317559242248535,0.457479763159641,0.0,4.227149985640197,8.534409357041596,-0.3723376146195998,drowsy
839572e9,1787549173.172419,0.30483547621924856,0.6847222619439978,24.0,0.0,0.4604570492742647,0.0,-1.6102528970542362,11.467144440079588,-1.3750646066304288,drowsy
839572e9,1787549173.39684,0.41335838857900054,0.6656464467727568,24.0,0.0,0.46128619913943814,0.0,-4.080612362238521,8.174834078925983,-1.6445273366596234,drowsy
839572e9,1787549173.6048303,0.4095735603019089,0.648878347408951,24.0,0.0,0.4619657203309676,0.0,-9.667774019774763,3.8536675079494427,-1.6389171328271432,drowsy
839572e9,1787549173.8216586,0.09557769447091544,0.6466389309118366,24.0,0.12165975570678711,0.46682580740870394,0.0,-13.675530986815104,3.467213639170596,-2.673118069324265,drowsy
839572e9,1787549174.036448,0.0947175520796001,0.6553741108175865,24.0,0.33652615547180176,0.46649201404477714,0.0,-13.615936846794426,1.7942444019866204,-2.3372317453850533,drowsy
839572e9,1787549174.2755868,0.11321697788035982,0.6646015928235699,24.0,0.5756580829620361,0.4675211738732879,0.0,-12.479910353804089,3.217280510407593,-2.1517181765068796,drowsy
839572e9,1787549174.4994237,0.09979923847427885,0.6728021963641216,24.0,0.7994980812072754,0.4701621070518661,0.0,-11.747339715048206,2.9228266970962578,-0.5555363748197926,drowsy
839572e9,1787549174.7076185,0.08702809230052456,0.6800714484389523,24.0,1.0075106620788574,0.4665151302691668,0.0,-9.770935604905377,3.6595681810654512,0.29292635448401494,drowsy
839572e9,1787549174.9314287,0.09970254396196895,0.6875460438813624,24.0,1.231492042541504,0.4689726421964843,0.0,-8.268948094718015,4.987210239620399,3.2364654088412177,drowsy
839572e9,1787549175.1392324,0.12144476375224864,0.6941747686252386,24.0,1.439286470413208,0.46613050857969185,0.0,-2.1314959326292247,4.947519937955107,4.694316351792406,drowsy
839572e9,1787549175.3637097,0.16585959256328983,0.706624007913545,24.0,1.6637732982635498,0.44823386242268015,0.0,17.105856534503843,2.9827594967901896,5.262390968741996,drowsy
839572e9,1787549175.571434,0.14030193637764704,0.7238706294628383,24.0,1.8715026378631592,0.457019121334462,0.0,19.070417783357254,1.0080329942278365,4.915977101439746,drowsy
839572e9,1787549175.7957897,0.1622165543870743,0.7431174435641422,24.0,0.09584403038024902,0.4584401968623683,0.0,16.59100694410999,0.24651604150346623,5.708670300691284,drowsy
839572e9,1787549176.034673,0.18611890762407374,0.7664735762748384,24.0,0.33472394943237305,0.4556919906421943,0.0,11.587446774006583,-3.376105254073448,8.888962452375454,drowsy
839572e9,1787549176.2599447,0.12094257516185725,0.7890140832306675,24.0,0.5599379539489746,0.4513545013005092,0.0,14.160097873618913,-6.9996069219114885,15.905654337331729,drowsy
839572e9,1787549176.467209,0.20674804816341513,0.8097036574200395,24.0,0.7672629356384277,0.4531652243992393,0.0,11.001210488057293,-11.111264524366492,23.655733750770153,drowsy
839572e9,1787549176.691797,0.22178907334795017,0.8302460210658734,36.0,0.0,0.4619101589476778,0.0,-0.1882078913012321,-23.521804010789314,35.82966553111693,drowsy
839572e9,1787549176.8989453,0.2227928777698629,0.8289524037371538,36.0,0.0,0.4575899716253482,0.0,-2.877392290245074,-18.939970542391087,34.65296780465007,drowsy
839572e9,1787549177.1234913,0.24121256859111476,0.8223449348059892,42.0,0.0,0.45706769095255667,0.0,1.4440269411083384,-18.053778203576158,29.470957207260557,drowsy
839572e9,1787549177.350024,0.21886044150520934,0.8156612473593235,48.0,0.0,0.45619133051588534,0.0,-2.0286869101516403,-17.58502124716501,29.557072055914922,drowsy
839572e9,1787549177.5563467,0.19710890183711588,0.8018222854444957,48.0,0.0647897720336914,0.46057848216810565,0.0,-2.0253501979664645,-17.34051774824982,29.09947436400894,drowsy
839572e9,1787549177.794758,0.20465064311516803,0.8017871198473742,48.0,0.3034188747406006,0.4696203387279658,0.0,-1.946916968259658,-19.42507047409194,27.82720501804746,drowsy
839572e9,1787549178.0225167,0.18042254994441528,0.8017517479019035,48.0,0.5311360359191895,0.4640868135732814,0.0,-3.710515898007459,-19.19364285291954,27.542573087211927,drowsy
7daa0a11,1787549208.2802331,0.11508411455764879,0.8784273425344478,36.0,4.90999174118042,0.45664109947691744,0.0,14.012973762444506,0.752281168337682,10.328882379826421,yawning
7daa0a11,1787549208.4893982,0.14234834099195431,0.8786433128683493,36.0,5.119295358657837,0.4574082027076305,0.0,16.185171683976527,0.8608450206284378,10.351536421602505,yawning
7daa0a11,1787549208.713522,0.13954306460011806,0.8848922725393924,36.0,5.34343147277832,0.45674265827604,0.0,13.920823214122976,1.0715903260392396,9.618782341057164,yawning
7daa0a11,1787549208.9242463,0.16366927320959374,0.8728706029269574,36.0,5.554147720336914,0.45363078281726826,0.0,12.33649324147405,-0.26898478342946824,9.382428412539618,yawning
7daa0a11,1787549209.1467402,0.31711415961360145,0.8586966095914985,36.0,0.0,0.45945539260817325,0.0,5.416746628129572,-0.6762685288267342,8.345766127274695,yawning
7daa0a11,1787549209.3742175,0.40335958224156815,0.8380428523844158,36.0,0.0,0.45716962739494843,0.0,5.6268517209879505,-3.4739896889300983,7.706973108702812,yawning
7daa0a11,1787549209.6024044,0.3928221689811334,0.8183109995239801,36.0,0.0,0.45656385870616695,0.0,2.639549588882577,-1.8762191712798244,6.295910120653292,yawning
7daa0a11,1787549209.8237352,0.41012426821840164,0.8000321087540974,36.0,0.0,0.4568204926591728,0.0,3.572234061508194,0.3107968696681805,3.9735602771462415,yawning
7daa0a11,1787549210.043676,0.40370522772454975,0.7795817010360412,36.0,0.0,0.4561132144306412,0.0,2.1514112393624125,2.1551853998651738,3.7829874060009545,yawning
7daa0a11,1787549210.2458026,0.38035446386652194,0.7595949189374218,36.0,0.0,0.4558565477831438,0.0,2.8713244676032694,0.5449114202522928,2.980950841052457,yawning
7daa0a11,1787549210.4652526,0.37257597463837566,0.7370853749673876,36.0,0.0,0.45813124193892213,0.0,2.4628398545879358,2.313341355293875,2.2526916350202844,yawning
7daa0a11,1787549210.6831226,0.2030869119849671,0.7244615365336112,42.0,0.030324935913085938,0.45717653224784854,0.0,4.030193372867555,1.5407697638310558,2.044261426297894,yawning
543f11c6,1787549231.146833,0.3262153020756431,0.590923543691932,138.0,0.0,0.47548683647751644,0.0,3.010552080299662,10.132530547241622,-1.2936626669625622,yawning
543f11c6,1787549231.3634906,0.38958473441584013,0.5901288403735989,138.0,0.0,0.46598749658053273,0.0,1.948323863388326,8.70636326682144,-1.9735812347408483,yawning
543f11c6,1787549231.5672834,0.33724015335437335,0.5895714797113322,138.0,0.0,0.46031965406986036,0.0,1.3366704795453646,7.69467591162667,-2.0879359466207332,yawning
543f11c6,1787549231.7756488,0.3534111819704857,0.5893818646083807,138.0,0.0,0.4616895702295837,0.0,1.655665006206206,9.511197153733379,-2.4832799498850764,yawning
543f11c6,1787549232.0015264,0.3997619374355166,0.5829146426172437,138.0,0.0,0.46307820516630843,0.0,0.976670773132941,9.94844823682198,-2.375171210422603,yawning
543f11c6,1787549233.6464198,0.3303275223831742,0.49640418646296713,138.0,0.0,0.4652120432324689,0.0,0.539469085508574,10.106576681429772,-2.326071499752818,yawning
543f11c6,1787549233.8552384,0.32741166046516806,0.49703253914443574,138.0,0.0,0.46513586752993125,0.0,0.7769286143476954,9.967789425044765,-2.414268610640223,yawning
543f11c6,1787549234.0637906,0.34767664370977824,0.49705816951807985,138.0,0.0,0.46466254094245985,0.0,-0.28188235025478103,11.34932654323666,-2.23811297476339,yawning
543f11c6,1787549234.2896326,0.2654470439467502,0.4969148112897269,138.0,0.0,0.7590199656004664,0.16191911697387695,-7.602483912952563,21.08190717885305,-5.502820620899533,yawning
543f11c6,1787549234.4969122,0.16384333777426607,0.5114473596207494,138.0,0.1446394920349121,0.8607007643592691,0.36920833587646484,-12.83583662344896,15.893702801983617,-5.075202713483574,yawning
543f11c6,1787549234.7222145,0.13908427138449692,0.5212623765684482,138.0,0.3699357509613037,0.8723556543507064,0.5945045948028564,-15.475845152896872,15.089361794551726,-5.004536668027006,yawning
543f11c6,1787549234.9285305,0.11683910502097994,0.521184025340372,138.0,0.5762426853179932,0.8837340486719315,0.8008115291595459,-16.365952817055856,12.895622370168887,-3.393592595615941,yawning
543f11c6,1787549235.1510358,0.16444264908378514,0.5210953627415453,138.0,0.7987453937530518,0.8811697291288163,1.0233142375946045,-17.186295242634902,15.962244941621522,-4.311461210249521,yawning
543f11c6,1787549235.3580494,0.176987050638715,0.5226075998469812,138.0,1.0057718753814697,0.8770388103019826,1.2303407192230225,-88.20643199347732,-28.743435407695223,135.90818155091208,yawning
543f11c6,1787549235.5838904,0.2283295768522906,0.5114052225315274,138.0,0.0,0.8953648569952751,1.45607328414917,-17.759449841148857,21.27766125360423,-6.5119961677218114,yawning
543f11c6,1787549235.7992845,0.1923001731512603,0.4989611708151602,138.0,0.08792281150817871,0.9447058032265934,1.6715168952941895,-15.75189533742774,24.692351121180412,-7.519262971618157,yawning
543f11c6,1787549236.0185237,0.14395152865475977,0.508346799576961,138.0,0.30718088150024414,0.9780379988948776,1.8907749652862549,-13.752720565845435,26.882380577032425,-8.127979858831901,yawning
543f11c6,1787549236.2401845,0.15087457780491983,0.509020713266522,138.0,0.5288388729095459,1.0431666169960954,2.1124329566955566,-12.069330269611331,26.14793037947724,-8.570362425352087,yawning
543f11c6,1787549236.4476829,0.14795186079675623,0.5081059163404011,138.0,0.7363836765289307,1.002652352487239,2.3199777603149414,-9.303062139471972,21.837790514717526,-8.06241461569421,yawning
543f11c6,1787549236.6867938,0.10019591820658211,0.5080271585340991,138.0,0.9754881858825684,0.8988461053014092,2.559082269668579,-9.322727822567911,13.504963597683942,-4.873970193810004,yawning
543f11c6,1787549236.9117079,0.1373412513577849,0.5095799938099034,138.0,1.2003717422485352,1.0482388139475998,2.783965826034546,-9.980359974702127,6.685133795845861,-5.2799540280830985,yawning
543f11c6,1787549237.1184528,0.13174255761888304,0.5096983002204664,138.0,1.4071481227874756,1.0425903711516824,2.9907422065734863,-11.627186360492807,0.15422384911889778,-4.696676020908458,yawning
543f11c6,1787549237.3446364,0.13990575537748634,0.5082816652412685,138.0,1.633336067199707,1.0456516679245416,3.2169301509857178,-13.473639358362158,-6.318355999965704,-4.066054634659629,yawning
543f11c6,1787549237.5504932,0.15605078322707283,0.5114080937721545,138.0,1.8391730785369873,1.0420415190097534,3.422767162322998,-13.405408122801362,-11.327360509496039,-3.3298038941403614,yawning
543f11c6,1787549237.7751212,0.1583329771176974,0.5114438993148195,138.0,2.063805103302002,1.0576618881516007,3.6473991870880127,-13.1400844949623,-26.77794220982904,0.15273916612354033,yawning
543f11c6,1787549237.9830575,0.19702874137008458,0.5113594604128323,138.0,2.271744966506958,1.0865240296290883,3.8553390502929688,-12.725856322988394,-25.40114103944456,-0.6011575251958567,yawning
543f11c6,1787549238.207159,0.2082191810581136,0.5017396332481718,144.0,0.0,1.0638055808117646,4.079444646835327,-15.581287060895095,-20.362220619164226,-0.8063849148798387,yawning
543f11c6,1787549238.447087,0.2402953834890103,0.48727866782517715,150.0,0.0,1.0624424775897388,4.319362640380859,-15.574360147679963,-10.957196485340889,-2.7715019888813526,yawning
543f11c6,1787549238.6711843,0.2336494681987472,0.48085976659459606,150.0,0.0,1.069592570517533,4.5434770584106445,-14.359150275893617,-17.342526696999577,-0.7659016306279743,yawning
543f11c6,1787549238.8794508,0.18552129388990002,0.4840737401484831,150.0,0.047721147537231445,1.1027015372569957,4.751733303070068,-14.763091488343933,-17.51037826184356,-0.5174173004765997,yawning
543f11c6,1787549239.1030097,0.14419112040770765,0.5032486785188081,150.0,0.27129077911376953,1.0745270698070217,4.9753029346466064,-12.600818004153652,1.6044609929132057,-6.571017409803622,yawning
543f11c6,1787549239.3113782,0.185731847427124,0.5174795588368675,150.0,0.4796576499938965,1.039647376153572,5.183669805526733,-11.60289787863144,5.016325626252069,-8.436810709831844,yawning
543f11c6,1787549239.5349967,0.16111013704624,0.5332644255491386,150.0,0.7032778263092041,1.03701456444919,5.407289981842041,-12.011385142961409,11.546765889955326,-11.579247752619038,yawning
543f11c6,1787549239.7437742,0.16102393959110906,0.5454119682081235,150.0,0.9120421409606934,1.0157214890743858,5.61605429649353,-10.989731565310834,15.265629567874496,-12.784242977268343,yawning
543f11c6,1787549239.9669266,0.17424013994280216,0.5681675227748165,150.0,1.1351823806762695,1.051841378979534,5.8391945362091064,-11.90945904934635,12.581089323713805,-13.48479113375583,yawning
543f11c6,1787549240.1746616,0.1663080962185704,0.5691290816934441,150.0,1.3429410457611084,1.0356636785917699,6.046953201293945,-12.8447434982113,11.427853741922592,-12.428659913785415,yawning
543f11c6,1787549240.3995514,0.22154315503285588,0.569104115053676,150.0,0.0,1.0844975845537115,6.271838903427124,-13.446052078794704,14.757709123103252,-12.541384428691217,yawning
543f11c6,1787549240.638721,0.18441209622523264,0.5661274038818613,150.0,0.20722174644470215,1.0931511792885924,6.511013984680176,-17.13671561500655,12.04904727023409,-12.300105570972285,yawning
543f11c6,1787549240.8644228,0.21982360444072024,0.5648020946541302,156.0,0.0,1.1299930425345608,6.736675262451172,-15.240613787036587,15.75023698453908,-12.626028006835117,yawning
543f11c6,1787549241.0713491,0.22072369298282923,0.5709951586447667,162.0,0.0,1.1220241502148236,6.943498611450195,-17.025778461997028,14.049461059608623,-13.025064372953809,yawning
543f11c6,1787549241.294963,0.2234007064306321,0.5704518057302552,162.0,0.0,1.1315542445625681,7.1672043800354,-1.4038260673490295,-23.924818789793193,172.75066463354852,yawning
543f11c6,1787549241.5026762,0.17656414575398632,0.5805968197785233,162.0,0.11106252670288086,0.8903742260721078,7.374970436096191,-13.29052917968726,16.868719901501184,-12.870793509624493,yawning
543f11c6,1787549241.7265258,0.15791322777234507,0.6028859449766513,162.0,0.334911584854126,0.4946220074992551,0.0,-8.379459723364223,13.926769845146858,-5.3478143794150075,yawning
543f11c6,1787549241.9339767,0.147152293321045,0.6240211424335619,162.0,0.5423378944396973,0.5096885825136663,0.0,-1.0703170819220444,12.179389354760538,-0.42592511693481916,yawning
543f11c6,1787549242.1591644,0.34947724680436876,0.6353416391634585,168.0,0.0,0.4637830896920449,0.0,3.5900858619602247,12.059397978790004,2.2662482193170645,yawning
543f11c6,1787549242.3985593,0.46787761200828437,0.6333882095719284,168.0,0.0,0.45877700948046896,0.0,8.721481890771804,6.61127726900231,4.06528034709939,yawning
543f11c6,1787549242.6230285,0.17575712931858603,0.6335536278280046,168.0,0.0,0.45837982842810565,0.0,8.93597373131953,3.6470354927614843,6.776112870279501,yawning
543f11c6,1787549242.8298125,0.2521149949169507,0.6542269140750744,174.0,0.0,0.4549948553304517,0.0,33.003461209752466,15.438649503598986,-169.634851141259,yawning
543f11c6,1787549243.0551016,0.18495925425583706,0.666976129598125,174.0,0.12830257415771484,0.4549475317007035,0.0,19.31744677175191,7.743414485846008,8.148640011746789,yawning
543f11c6,1787549243.3071852,0.15207556320716523,0.6871790326262651,180.0,0.15703082084655762,0.45137080200738644,0.0,20.926920588834506,5.757970356791128,7.752328080829109,yawning
543f11c6,1787549243.5190063,0.20580218357514432,0.7069546273800602,180.0,0.36867499351501465,0.4574652329845114,0.0,42.4076805885715,10.609855539349299,-167.95719241937365,yawning
543f11c6,1787549243.733792,0.13012259795812006,0.7273365550307223,186.0,0.15090107917785645,0.4586056265610204,0.0,21.40952926113036,4.196089774828381,8.931841148373525,yawning
543f11c6,1787549243.9503493,0.14713888091233798,0.7468152270950174,186.0,0.36747026443481445,0.4505757524020994,0.0,13.63620947579228,3.1016361076433845,9.25959462122077,yawning
543f11c6,1787549244.1588235,0.15546169459433457,0.7687841449731148,186.0,0.5759444236755371,0.45709785858613505,0.0,5.6300249243538305,2.063517212768654,7.9607412304849685,yawning
543f11c6,1787549244.3831913,0.13183994102446717,0.786973809073763,186.0,0.80027174949646,0.7286486839430983,0.09549140930175781,-10.972789749721146,-1.4782444968976682,5.119108894039818,yawning
543f11c6,1787549244.5907414,0.15290694549714617,0.7869808898225338,186.0,1.007847785949707,0.9035075276427214,0.3030674457550049,-14.854881483375692,-2.9914670853353225,2.8978719777997433,yawning
543f11c6,1787549244.8153274,0.09640962407907215,0.7869557037851405,186.0,1.2324445247650146,0.9198958539730839,0.5276641845703125,-15.770669193385638,-2.6657716995532104,0.45401149713532213,yawning
543f11c6,1787549245.0239892,0.12295892199967136,0.7863472755683067,186.0,1.4410974979400635,0.842773040316481,0.7363171577453613,-14.311497637854346,-0.6546447550119191,-3.294250276702967,yawning
543f11c6,1787549245.247388,0.12947896744624807,0.7863015098458154,186.0,1.6645052433013916,0.7135764638845764,0.9597249031066895,-12.165397961923063,2.2223576222934964,-7.42857772958919,yawning
543f11c6,1787549245.455589,0.09591391400932153,0.7869972235277928,186.0,1.8727080821990967,0.5610045478699297,1.1679277420043945,-6.99000753529686,7.993509660669168,-6.810038582204197,yawning
543f11c6,1787549245.6791797,0.17814997216901707,0.806253572445779,186.0,2.096302032470703,0.46517257884446694,0.0,-1.786775200902788,11.884340486233674,-6.020037579390434,yawning
543f11c6,1787549245.9191716,0.2938032963546484,0.7982804725094518,186.0,0.0,0.4643705587114006,0.0,0.05051041468859992,13.421616384191342,-5.508554512547132,yawning
543f11c6,1787549246.1433837,0.3677377964188623,0.7758598800297977,186.0,0.0,0.4681145315492841,0.0,0.8365867055699283,10.382944102664835,-4.511283273408945,yawning
543f11c6,1787549246.3506403,0.4125210727680978,0.7551108593667941,186.0,0.0,0.5733616148097156,0.0,-2.0783355535580252,14.338120876779136,-4.725996912382162,yawning
543f11c6,1787549246.5754678,0.4103764720510212,0.7317943205919788,186.0,0.0,0.8040591210886071,0.22484636306762695,-5.735080514427123,26.04074046593746,-5.29934007666896,yawning
543f11c6,1787549246.7826455,0.3977137796115654,0.7118851212089541,186.0,0.0,0.8552894863760601,0.43203139305114746,-4.392540460283857,34.51037911111755,-3.284887947173828,yawning
543f11c6,1787549247.0081472,0.3491476894814115,0.6884260008729722,186.0,0.0,0.8040782582538266,0.6574890613555908,-4.044610150833508,31.785150026484875,-3.394182759740857,yawning
543f11c6,1787549247.2140982,0.3385770057347304,0.6687408443244361,186.0,0.0,0.7191892728911977,0.8634965419769287,-5.166232568783838,27.605519964314595,-2.2798728276174334,yawning
0f50f982,1787549258.1190069,0.36886291193815035,0.12278985329482989,6.0,0.0,0.4610620840594502,0.0,-4.333142986231892,11.200091407103542,-6.2112941160354325,yawning
0f50f982,1787549258.3391936,0.37777439443245664,0.11275265836567899,6.0,0.0,0.4786060928140871,0.0,-4.668767773229626,14.77161894616409,-6.952062074865026,yawning
0f50f982,1787549258.5552607,0.3743856023941494,0.10437865098229568,6.0,0.0,0.6176020553898994,0.18374037742614746,-4.425788701512085,16.959943511396613,-7.546305453731843,yawning
0f50f982,1787549258.7590547,0.11508739449582422,0.09754670848651409,6.0,0.0,0.6451186956031503,0.38753318786621094,-7.521966202786599,14.958850338471727,-7.413586517472097,yawning
0f50f982,1787549258.9781835,0.0991656531091,0.15688345651979202,6.0,0.21912527084350586,0.8001218813937746,0.6066584587097168,-10.814666536977327,14.272662420812452,-7.589579173146139,yawning
0f50f982,1787549259.1848643,0.09362515670096211,0.20611769803206553,6.0,0.4258081912994385,0.9186888240812567,0.8133413791656494,-11.263950779759838,17.146802559417317,-7.171949026600858,yawning
0f50f982,1787549259.4110818,0.10343819821289,0.2538041535774515,6.0,0.6519949436187744,0.9605135707714876,1.0395281314849854,-13.364471037807562,18.03974133305713,-7.6782816467484105,yawning
0f50f982,1787549259.61652,0.1431474207588711,0.29241361803597304,6.0,0.8574621677398682,0.977191123591143,1.244995355606079,-14.081517765506307,20.267740901025835,-7.725234783677454,yawning
0f50f982,1787549259.8403177,0.1634201022976889,0.3301639580366822,6.0,1.08125901222229,0.9931317863897992,1.468792200088501,-14.90295536632397,22.240061937763905,-7.810180380146376,yawning
0f50f982,1787549260.0486684,0.19375322481261814,0.3618594273551914,6.0,1.2896089553833008,0.9938228864175637,1.6771421432495117,-14.646419970032415,21.663574391177182,-7.62306457673912,yawning
0f50f982,1787549260.2726808,0.1602911980208669,0.3927527442631195,6.0,1.5136170387268066,0.8654730219340042,1.9011502265930176,-9.548195212688352,20.906772078886547,-6.253036896584722,yawning
0f50f982,1787549260.4798548,0.14425611714863448,0.41877509903497,6.0,1.72078275680542,0.7864221312042783,2.108315944671631,-7.309914327675941,16.83760476220999,-4.901072834519874,yawning
0f50f982,1787549260.7048364,0.18316203352783356,0.44462251767854244,6.0,1.9457740783691406,0.7345147393534339,2.3333072662353516,-4.658048105231094,8.905438341066064,-3.7497648965461003,yawning
0f50f982,1787549260.9119833,0.16406509904828695,0.4664659677591823,6.0,2.1529083251953125,0.6542414742160167,2.5404415130615234,-1.2099375162395698,10.176350600216596,-4.304678754372137,yawning
0f50f982,1787549261.1364632,0.1607723213662991,0.4882787202605355,6.0,2.3773977756500244,0.5937775616339238,2.7649309635162354,-0.8813879153308838,5.331339387270431,-3.0916233750381217,yawning
0f50f982,1787549261.3443978,0.14283555969759276,0.5069417930448192,6.0,2.5852394104003906,0.6352747741548986,2.9727725982666016,-6.250037048907688,11.537732404673088,-3.2805480626744727,yawning
0f50f982,1787549261.5674345,0.16335939277402786,0.5255186376102999,6.0,2.8083579540252686,0.8087231330407859,3.1958911418914795,-8.903217160797839,28.740519360787673,-7.877776794590465,yawning
0f50f982,1787549261.7760618,0.21254543900414097,0.5416622736494219,6.0,0.0,0.9000621561850819,3.4044735431671143,-35.339273598578785,-71.70492721015873,32.50524629817863,yawning
0f50f982,1787549261.9997902,0.21719165399884388,0.5528130127009315,12.0,0.0,0.9765564468256764,3.628251075744629,-9.163511463424763,52.19931941552389,174.06320276331599,yawning
0f50f982,1787549262.208023,0.1327694558658214,0.557160754545008,12.0,0.1436467170715332,1.0454849680609382,3.8364853858947754,-35.661010851964505,-70.77964348867819,34.403775206227344,yawning
0f50f982,1787549262.4319088,0.1782377908792467,0.5717701234646319,12.0,0.36753129959106445,1.1089368349070752,4.060369968414307,-15.333281657342306,35.853539489739596,-13.532285001538558,yawning
0f50f982,1787549262.644468,0.21226513477148684,0.5765638086299428,24.0,0.0,1.1450328397593785,4.27290153503418,-16.545084659983235,34.88627889209054,-8.550010909247236,yawning
0f50f982,1787549262.8639364,0.21399820997899782,0.5756339032211812,30.0,0.0,1.0726336857582803,4.492386102676392,-15.54544730942915,33.19562220203584,4.890138591603466,yawning
0f50f982,1787549263.0897865,0.17297960180607064,0.579925425651973,30.0,0.16193509101867676,0.8077182863990313,4.71820330619812,146.74606651650004,-51.985814945767636,-18.036734646510553,yawning
0f50f982,1787549263.2964854,0.1950575467415362,0.5912759788112537,30.0,0.368666410446167,0.7629183024446362,0.06211256980895996,-16.847008461976266,0.06793808113558024,17.110992812550023,yawning
0f50f982,1787549263.5046182,0.10897500906779092,0.6021005581670523,30.0,0.5768053531646729,1.0124383547183287,0.2702515125274658,-15.95727231603993,-0.13041528871542082,11.244693521647603,yawning
0f50f982,1787549263.727845,0.18989156926414752,0.6130891276172568,30.0,0.8000097274780273,1.0695870694279581,0.4934558868408203,-37.27264213420003,-69.96293707904216,18.389210707742908,yawning
0f50f982,1787549263.9374166,0.2402415476955398,0.6228689582968108,30.0,0.0,0.4806330109760724,0.0,9.695671359023935,10.937486630845992,-151.2304182030521,yawning
0f50f982,1787549264.1605148,0.34487693723358936,0.606549569672635,30.0,0.0,0.8462043043990575,0.0962836742401123,-41.51365417813956,-72.75396803595477,31.783907083926028,yawning
0f50f982,1787549264.3680546,0.3314781226569448,0.5921175730167548,30.0,0.0,0.4433241665775014,0.0,7.308858440316058,63.06718799206908,-171.04220517741794,yawning
0f50f982,1787549264.5942812,0.2693068389880292,0.5771487935854692,30.0,0.0,0.8184903077554324,0.13015437126159668,-46.001881571903766,-68.44181677458386,88.75889596734571,yawning
0f50f982,1787549264.800525,0.15600793899353982,0.5728507762567447,30.0,0.07968473434448242,0.8418185651737774,0.336397647857666,10.685100050675032,-0.08136536951299557,3.3648172044337388,yawning
0f50f982,1787549265.024765,0.23397593120043356,0.569375800174305,36.0,0.0,0.9955114005433299,0.5605721473693848,-6.419020373559958,31.467385305360665,-19.04215377640047,yawning
0f50f982,1787549265.2322266,0.22441567431467668,0.5754484885412651,42.0,0.0,1.0049973655822497,0.7680952548980713,-8.379278602052077,25.38820368616884,-17.885807491256408,yawning
0f50f982,1787549265.457669,0.23558445729678507,0.5786863071373834,54.0,0.0,1.0602732842257767,0.993492841720581,-14.019088304914568,-10.556822050773043,-9.54868686428769,yawning
0f50f982,1787549265.6639714,0.24720527546984689,0.5789046406330128,60.0,0.0,1.0973099798195525,1.1998333930969238,-15.571704746375545,-0.1910836177101654,-15.22655325284847,yawning
0f50f982,1787549265.887383,0.19482168982059406,0.5935496967640843,60.0,0.1912846565246582,0.6546916052021665,1.4232492446899414,-9.253945642804045,-41.86185147869697,9.366562702375537,yawning
0f50f982,1787549266.0969288,0.302114629100711,0.5966237899950829,66.0,0.0,0.5476162225811355,0.0,-3.8517700136249338,-40.04540735811416,8.675613466498255,yawning
0f50f982,1787549266.3205993,0.32439017513272506,0.5856103929438949,66.0,0.0,0.5659138012257404,0.06485676765441895,-1.1564544805949162,-34.701568317311406,6.9610185030413785,yawning
0f50f982,1787549266.527052,0.3447829063510456,0.5662187579432999,66.0,0.0,0.4899609650881432,0.0,0.7521676617739912,-32.58442400117718,6.18949551695333,yawning
0f50f982,1787549266.7522197,0.449096370182982,0.5679294449280828,66.0,0.0,0.4723211872996177,0.0,-2.8263524933671573,-36.444075447054594,6.373612370480908,yawning
0f50f982,1787549266.9598992,0.49612607345514265,0.5662902837587104,66.0,0.0,0.9397043763406734,0.07948160171508789,-35.59452204132702,73.32200278607152,25.21352338001816,yawning
0f50f982,1787549267.1848783,0.3889390559359459,0.5662281550559786,66.0,0.0,1.080372567990633,0.3044562339782715,-37.87615298947999,70.96486833729357,-32.77684076349922,yawning
0f50f982,1787549267.391447,0.3028325340432279,0.5668883123453462,66.0,0.0,1.0101952925155995,0.5110318660736084,-15.902938419262288,0.37062097867942567,10.60317175397639,yawning
0f50f982,1787549267.6162686,0.2418508805031203,0.5727650916056313,72.0,0.0,1.046227001162421,0.7358458042144775,-12.159077712215932,-44.716914897047225,2.623218454002715,yawning
0f50f982,1787549267.8230188,0.24434182954402206,0.5728429881273813,72.0,0.0,1.012882026343456,0.94258713722229,-13.626390290599874,-43.53260981609352,4.972034381369003,yawning
0f50f982,1787549268.0483403,0.27170909741586957,0.5743697741252672,72.0,0.0,0.525974661380733,0.0,-12.605291479838142,-35.58271072470074,9.88460102932164,yawning
0f50f982,1787549268.2695856,0.37174167640740974,0.5728036273805931,72.0,0.0,0.55331589400689,0.09362959861755371,-7.749763368137048,-33.49103129792118,7.089441929513807,yawning
0f50f982,1787549268.4808373,0.38568047309391507,0.5730382460059346,72.0,0.0,0.4639020712808522,0.0,-2.964839186123378,-18.28511449989693,2.693207909989433,yawning
0f50f982,1787549268.72072,0.43069328059722045,0.5735475179450168,72.0,0.0,0.46284782356086324,0.0,2.458911500380503,13.38972676275179,0.1514654509829901,yawning
0f50f982,1787549268.9430418,0.5191199800237903,0.5541239024847641,72.0,0.0,0.4559521114724003,0.0,8.1153796477717,18.638013990995915,1.7427586258445777,yawning
0f50f982,1787549269.1514065,0.4900468121024498,0.533298993247764,72.0,0.0,0.45124097244988526,0.0,10.953014752215884,17.16173486526813,1.6037763113325765,yawning
0f50f982,1787549271.1108088,0.4690768147819748,0.33573990246110424,72.0,0.0,0.451294757489885,0.0,12.5160029295784,14.107057269874076,0.2198337069195312,yawning
0f50f982,1787549271.343025,0.5013385738787695,0.3141303254585949,72.0,0.0,0.46226111727690566,0.0,3.776565434391306,19.705963241208575,-1.3882511270133377,yawning
0f50f982,1787549271.5677435,0.40664962103577956,0.2894638553365289,72.0,0.0,0.747445269137184,0.1602027416229248,-7.825766725795404,23.803989109836056,-5.843339178283698,yawning
0f50f982,1787549271.776994,0.3409404324866231,0.2717547014298148,72.0,0.0,0.9193519488904704,0.3695697784423828,-11.83649140762137,19.457160144096516,-6.398988287981461,yawning
0f50f982,1787549272.0034964,0.28936866238440495,0.2524434140573176,72.0,0.0,0.904685298347974,0.5960519313812256,-17.241930136978134,14.764264333535772,-5.804870594462115,yawning
0f50f982,1787549272.2410326,0.23851541761550415,0.23158234885952045,72.0,0.0,0.9675740081051123,0.8335835933685303,-18.179515919165635,15.344902455021886,-5.277793355019136,yawning
0f50f982,1787549272.463963,0.15662615363611337,0.2284184418920453,72.0,0.1913437843322754,0.7123411864585459,1.0565369129180908,-8.428743301551766,21.47114556569707,-5.711514935478665,yawning
0f50f982,1787549272.6709492,0.27004582319963594,0.23469076303228034,78.0,0.0,0.5659618891464406,1.2635221481323242,-1.4609497574838302,19.80473148369251,-2.8140565029639975,yawning
0f50f982,1787549272.8962016,0.457865342477762,0.22256342124242098,78.0,0.0,0.5870529090078035,0.1291060447692871,6.137943818113564,20.819173109901733,-2.120744731644083,yawning
0f50f982,1787549273.1029112,0.24942778377268593,0.204045513682066,78.0,0.0,0.45199234885317086,0.0,14.667833176466642,15.570532857900632,1.4887679547854717,yawning
0f50f982,1787549273.8269897,0.18557401794570366,0.13512788879466847,84.0,0.0,0.4546498026469132,0.0,43.160814177415254,13.098696990200956,-172.76473425230176,yawning
0f50f982,1787549274.0315533,0.1313802423821532,0.14850276374312557,84.0,0.20444679260253906,0.45707568113874414,0.0,20.553275568563997,8.832651747719627,5.5209217254795995,yawning
0f50f982,1787549274.2558527,0.0747124569010075,0.17093668938388562,84.0,0.4288756847381592,0.45814334133239853,0.0,18.9910816584826,8.75281777832124,10.869154426145485,yawning
0f50f982,1787549274.4666772,0.13575317288096572,0.19259252528112458,84.0,0.6396980285644531,0.45640804504196814,0.0,6.171733724759023,12.163337361249116,10.78743494666192,yawning
0f50f982,1787549274.6879928,0.07896230272943702,0.2141625752040736,84.0,0.8610153198242188,0.46125831605762135,0.0,-5.596140095989616,8.83664568878185,8.040684075025851,yawning
0f50f982,1787549274.8950775,0.16968844098740338,0.21733404756746882,84.0,1.0680997371673584,0.45766200106204974,0.0,-13.968593137754315,9.750530946147105,4.757549924103161,yawning
0f50f982,1787549275.1194544,0.15236405603424547,0.2333422244393161,84.0,1.2924764156341553,0.46363247279077596,0.0,-19.720015691501946,3.5004186335057086,0.8187237424526422,yawning
0f50f982,1787549275.3282962,0.2173826528821304,0.22598548173771857,84.0,0.0,0.4648283974501396,0.0,-22.51508673046818,-0.5255495256784317,-4.360664087263417,yawning
0f50f982,1787549277.627806,0.29685008178029004,0.2527042347839497,108.0,0.0,0.45829535356906526,0.0,-11.285275285645566,3.4831390885911735,-22.812729752745764,yawning
0f50f982,1787549277.8401525,0.23079581600404764,0.2555610187346715,114.0,0.0,0.45992910195508835,0.0,-11.681400509462955,3.8903269337877244,-22.34736938171643,yawning
0f50f982,1787549278.0474787,0.22877338139419678,0.25518871973493207,114.0,0.0,0.4596143197252325,0.0,-11.744158082358181,4.08506866843011,-22.44219222506277,yawning
0f50f982,1787549278.2669523,0.24795396691973431,0.2552334074778087,114.0,0.0,0.459873242898398,0.0,-11.504780271793562,4.169421904206143,-22.42252312431819,yawning
0f50f982,1787549278.4828355,0.2509438050691165,0.2559264678350941,114.0,0.0,0.45939421463813507,0.0,-11.42998628983439,4.737899837125349,-22.100927104779554,yawning
